Floors,AreaPerBedroom,Location_Suburban,Location_Urban,Condition_Fair,Price
1.2441506527764599,-0.929998018496488,-0.5642619624731064,-0.5658020972047737,-0.5935192026789141,149919
1.2441506527764599,-0.3875837274025537,-0.5642619624731064,-0.5658020972047737,-0.5935192026789141,424998
1.2441506527764599,0.4893690481710186,-0.5642619624731064,-0.5658020972047737,-0.5935192026789141,266746
0.008034753346296003,-0.9584039866942301,1.7722264949724689,-0.5658020972047737,1.684865452518453,244020
0.008034753346296003,3.4044733255130764,-0.5642619624731064,-0.5658020972047737,1.684865452518453,636056
-1.2280811460838679,2.4898942838677405,-0.5642619624731064,1.7674024273509943,-0.5935192026789141,93262
0.008034753346296003,2.235637584917459,-0.5642619624731064,-0.5658020972047737,-0.5935192026789141,448722
-1.2280811460838679,0.4088078596757828,1.7722264949724689,-0.5658020972047737,-0.5935192026789141,594893
-1.2280811460838679,-0.8899502600537696,-0.5642619624731064,-0.5658020972047737,-0.5935192026789141,652878
-1.2280811460838679,-0.5049950626198877,-0.5642619624731064,-0.5658020972047737,-0.5935192026789141,340375
0.008034753346296003,-0.0014488285571808456,1.7722264949724689,-0.5658020972047737,-0.5935192026789141,653685
1.2441506527764599,-0.5101950622626438,-0.5642619624731064,1.7674024273509943,-0.5935192026789141,127123
0.008034753346296003,-0.5004159584568637,-0.5642619624731064,-0.5658020972047737,-0.5935192026789141,849947
-1.2280811460838679,0.3850586075760313,-0.5642619624731064,-0.5658020972047737,-0.5935192026789141,399355
-1.2280811460838679,2.4349450339114527,-0.5642619624731064,1.7674024273509943,1.684865452518453,481838
0.008034753346296003,3.1166882706572627,-0.5642619624731064,-0.5658020972047737,-0.5935192026789141,853032
-1.2280811460838679,0.4018227855287971,-0.5642619624731064,1.7674024273509943,1.684865452518453,208964
-1.2280811460838679,-0.7297592262828961,-0.5642619624731064,-0.5658020972047737,-0.5935192026789141,905742
0.008034753346296003,-0.44663088752507335,1.7722264949724689,-0.5658020972047737,-0.5935192026789141,989305
0.008034753346296003,-0.6137138611209727,-0.5642619624731064,-0.5658020972047737,-0.5935192026789141,218767
0.008034753346296003,-0.5902905791480805,1.7722264949724689,-0.5658020972047737,-0.5935192026789141,996357
-1.2280811460838679,-0.42730551571841274,-0.5642619624731064,-0.5658020972047737,-0.5935192026789141,709789
-1.2280811460838679,-0.7254129579247717,-0.5642619624731064,-0.5658020972047737,-0.5935192026789141,709966
1.2441506527764599,-0.10948464203056062,-0.5642619624731064,-0.5658020972047737,-0.5935192026789141,447694
1.2441506527764599,-1.0549842785665533,-0.5642619624731064,1.7674024273509943,-0.5935192026789141,688668
0.008034753346296003,-0.5809305797911196,-0.5642619624731064,1.7674024273509943,-0.5935192026789141,527032
1.2441506527764599,-0.36723387805433516,-0.5642619624731064,1.7674024273509943,-0.5935192026789141,745494
-1.2280811460838679,-0.06617718231924889,-0.5642619624731064,-0.5658020972047737,-0.5935192026789141,513179
1.2441506527764599,-0.6347622178838899,-0.5642619624731064,-0.5658020972047737,-0.5935192026789141,948212
-1.2280811460838679,-0.2389413495546967,-0.5642619624731064,-0.5658020972047737,-0.5935192026789141,206547
0.008034753346296003,2.264509224725,1.7722264949724689,-0.5658020972047737,-0.5935192026789141,902609
0.008034753346296003,0.7054406751177782,1.7722264949724689,-0.5658020972047737,-0.5935192026789141,727090
-1.2280811460838679,2.905273359808494,-0.5642619624731064,-0.5658020972047737,-0.5935192026789141,202185
1.2441506527764599,-0.11600404456774732,-0.5642619624731064,-0.5658020972047737,-0.5935192026789141,725371
0.008034753346296003,-0.1315264315610491,-0.5642619624731064,1.7674024273509943,1.684865452518453,105746
0.008034753346296003,-0.49995028684706466,-0.5642619624731064,1.7674024273509943,-0.5935192026789141,959507
1.2441506527764599,-0.6710846034482157,-0.5642619624731064,-0.5658020972047737,-0.5935192026789141,748213
1.2441506527764599,1.483112263482193,-0.5642619624731064,1.7674024273509943,-0.5935192026789141,921627
-1.2280811460838679,0.00926161846819732,-0.5642619624731064,-0.5658020972047737,-0.5935192026789141,873250
1.2441506527764599,-1.0107920427966233,-0.5642619624731064,-0.5658020972047737,-0.5935192026789141,218393
1.2441506527764599,-0.5916875939774776,-0.5642619624731064,1.7674024273509943,-0.5935192026789141,333453
1.2441506527764599,-0.5641664018383538,-0.5642619624731064,-0.5658020972047737,-0.5935192026789141,986192
-1.2280811460838679,-0.45873834937984864,1.7722264949724689,-0.5658020972047737,-0.5935192026789141,340320
-1.2280811460838679,-0.6049592348567506,-0.5642619624731064,1.7674024273509943,-0.5935192026789141,643167
0.008034753346296003,0.6588735141378731,1.7722264949724689,-0.5658020972047737,-0.5935192026789141,641880
-1.2280811460838679,-0.614086398408812,-0.5642619624731064,1.7674024273509943,-0.5935192026789141,396872
0.008034753346296003,-0.7875025058979784,-0.5642619624731064,-0.5658020972047737,-0.5935192026789141,270084
1.2441506527764599,0.9187182724057433,-0.5642619624731064,-0.5658020972047737,-0.5935192026789141,976920
0.008034753346296003,-0.6859860949617854,-0.5642619624731064,-0.5658020972047737,-0.5935192026789141,771782
0.008034753346296003,-0.33300701473410493,-0.5642619624731064,-0.5658020972047737,1.684865452518453,845016
1.2441506527764599,1.1031242298861674,-0.5642619624731064,-0.5658020972047737,-0.5935192026789141,698843
0.008034753346296003,-0.21239806779615084,-0.5642619624731064,1.7674024273509943,-0.5935192026789141,405446
-1.2280811460838679,-0.3557317892922986,-0.5642619624731064,-0.5658020972047737,-0.5935192026789141,958840
-1.2280811460838679,-0.5177855095023682,1.7722264949724689,-0.5658020972047737,1.684865452518453,593118
-1.2280811460838679,-0.9000087668254291,-0.5642619624731064,-0.5658020972047737,1.684865452518453,266897
-1.2280811460838679,-0.26106075102015164,-0.5642619624731064,1.7674024273509943,-0.5935192026789141,826522
0.008034753346296003,-0.21689956002420824,1.7722264949724689,-0.5658020972047737,-0.5935192026789141,913498
0.008034753346296003,0.16495116001101334,-0.5642619624731064,-0.5658020972047737,-0.5935192026789141,840023
1.2441506527764599,0.6793630649690313,1.7722264949724689,-0.5658020972047737,1.684865452518453,143878
0.008034753346296003,-1.0294189071885853,-0.5642619624731064,-0.5658020972047737,-0.5935192026789141,175407
0.008034753346296003,-0.28979268934475305,1.7722264949724689,-0.5658020972047737,-0.5935192026789141,691157
0.008034753346296003,-0.7211908686625936,1.7722264949724689,-0.5658020972047737,-0.5935192026789141,307716
1.2441506527764599,-0.48714431757759075,-0.5642619624731064,-0.5658020972047737,-0.5935192026789141,857827
-1.2280811460838679,0.6057869506207813,-0.5642619624731064,-0.5658020972047737,1.684865452518453,66738
0.008034753346296003,-0.38274074266064356,-0.5642619624731064,-0.5658020972047737,1.684865452518453,183703
1.2441506527764599,-0.8526965312698456,-0.5642619624731064,1.7674024273509943,-0.5935192026789141,723265
1.2441506527764599,-0.8303442939994912,-0.5642619624731064,-0.5658020972047737,-0.5935192026789141,593344
1.2441506527764599,-0.9234786159593013,1.7722264949724689,-0.5658020972047737,1.684865452518453,815034
-1.2280811460838679,-0.5416278959240797,-0.5642619624731064,-0.5658020972047737,1.684865452518453,560241
0.008034753346296003,-0.6940577361983022,-0.5642619624731064,-0.5658020972047737,-0.5935192026789141,433800
1.2441506527764599,-0.13719210281360414,-0.5642619624731064,-0.5658020972047737,-0.5935192026789141,689604
-1.2280811460838679,-1.0195932362218254,-0.5642619624731064,-0.5658020972047737,-0.5935192026789141,740807
1.2441506527764599,-0.875359216280066,-0.5642619624731064,-0.5658020972047737,-0.5935192026789141,628706
1.2441506527764599,-0.7061031085051044,1.7722264949724689,-0.5658020972047737,-0.5935192026789141,873622
1.2441506527764599,-0.3667216392835563,-0.5642619624731064,-0.5658020972047737,-0.5935192026789141,76014
1.2441506527764599,-0.6580457983738424,1.7722264949724689,-0.5658020972047737,-0.5935192026789141,778359
1.2441506527764599,-0.23086970831817988,-0.5642619624731064,-0.5658020972047737,-0.5935192026789141,813277
-1.2280811460838679,-0.3988219355857041,-0.5642619624731064,-0.5658020972047737,-0.5935192026789141,231350
0.008034753346296003,-0.5881950569039848,-0.5642619624731064,1.7674024273509943,1.684865452518453,961995
0.008034753346296003,-0.7188159434526185,-0.5642619624731064,-0.5658020972047737,1.684865452518453,838212
0.008034753346296003,-0.3534965655652632,1.7722264949724689,-0.5658020972047737,-0.5935192026789141,534859
0.008034753346296003,-0.2568231393709803,1.7722264949724689,-0.5658020972047737,1.684865452518453,764618
-1.2280811460838679,0.7077690331667734,-0.5642619624731064,-0.5658020972047737,-0.5935192026789141,540339
-1.2280811460838679,0.11031235779459132,-0.5642619624731064,-0.5658020972047737,1.684865452518453,92192
-1.2280811460838679,2.1685808731063956,-0.5642619624731064,1.7674024273509943,-0.5935192026789141,941307
1.2441506527764599,-1.020338310797504,1.7722264949724689,-0.5658020972047737,1.684865452518453,411273
1.2441506527764599,-0.5120111815408601,1.7722264949724689,-0.5658020972047737,-0.5935192026789141,93923
1.2441506527764599,-0.2662607506629077,1.7722264949724689,-0.5658020972047737,-0.5935192026789141,663484
0.008034753346296003,2.677094271006959,-0.5642619624731064,1.7674024273509943,-0.5935192026789141,576683
1.2441506527764599,-0.8797054846381905,1.7722264949724689,-0.5658020972047737,-0.5935192026789141,414593
0.008034753346296003,-0.1802667267200163,-0.5642619624731064,-0.5658020972047737,-0.5935192026789141,433891
1.2441506527764599,0.34081980464512146,-0.5642619624731064,1.7674024273509943,-0.5935192026789141,802744
0.008034753346296003,-0.21938314194313657,-0.5642619624731064,-0.5658020972047737,-0.5935192026789141,458995
1.2441506527764599,-0.19299508405452379,-0.5642619624731064,-0.5658020972047737,-0.5935192026789141,645316
1.2441506527764599,2.858706198828589,-0.5642619624731064,1.7674024273509943,-0.5935192026789141,997226
-1.2280811460838679,-0.4717771544542221,-0.5642619624731064,-0.5658020972047737,-0.5935192026789141,450327
1.2441506527764599,-0.996682193019712,-0.5642619624731064,-0.5658020972047737,1.684865452518453,816751
1.2441506527764599,0.3667421909239352,-0.5642619624731064,-0.5658020972047737,-0.5935192026789141,715344
-1.2280811460838679,-0.7580099706107052,-0.5642619624731064,-0.5658020972047737,1.684865452518453,929608
0.008034753346296003,1.1394466154504934,1.7722264949724689,-0.5658020972047737,-0.5935192026789141,777688
-1.2280811460838679,-0.5257950611909119,-0.5642619624731064,1.7674024273509943,1.684865452518453,305315
-1.2280811460838679,-0.813766384690645,-0.5642619624731064,-0.5658020972047737,1.684865452518453,339068
0.008034753346296003,0.0860974340850407,1.7722264949724689,-0.5658020972047737,-0.5935192026789141,495919
1.2441506527764599,-0.41729357610773316,-0.5642619624731064,-0.5658020972047737,-0.5935192026789141,344721
0.008034753346296003,-0.9358189136189761,1.7722264949724689,-0.5658020972047737,-0.5935192026789141,188783
1.2441506527764599,1.0011421473401754,-0.5642619624731064,-0.5658020972047737,-0.5935192026789141,659836
1.2441506527764599,-0.1323025509107141,-0.5642619624731064,-0.5658020972047737,-0.5935192026789141,307288
0.008034753346296003,-0.1690906080848391,1.7722264949724689,-0.5658020972047737,-0.5935192026789141,543085
-1.2280811460838679,-0.31205179229314767,-0.5642619624731064,1.7674024273509943,1.684865452518453,545187
0.008034753346296003,0.2686407051262686,-0.5642619624731064,-0.5658020972047737,1.684865452518453,699381
1.2441506527764599,0.8861212597198098,1.7722264949724689,-0.5658020972047737,-0.5935192026789141,285835
0.008034753346296003,0.5927481455464079,1.7722264949724689,-0.5658020972047737,-0.5935192026789141,971600
0.008034753346296003,-0.5021389434131202,-0.5642619624731064,-0.5658020972047737,-0.5935192026789141,902987
1.2441506527764599,1.7271241870168954,-0.5642619624731064,-0.5658020972047737,-0.5935192026789141,401992
-1.2280811460838679,-0.4314965602066042,-0.5642619624731064,-0.5658020972047737,-0.5935192026789141,256084
0.008034753346296003,-0.5323144637280987,-0.5642619624731064,-0.5658020972047737,1.684865452518453,844686
1.2441506527764599,-0.07812942030409113,-0.5642619624731064,-0.5658020972047737,1.684865452518453,437554
1.2441506527764599,-0.19206374083492567,-0.5642619624731064,-0.5658020972047737,-0.5935192026789141,803315
0.008034753346296003,-0.41459268077089867,-0.5642619624731064,1.7674024273509943,-0.5935192026789141,520336
-1.2280811460838679,-0.3157771651715401,-0.5642619624731064,-0.5658020972047737,1.684865452518453,973469
0.008034753346296003,-0.6056577422714492,-0.5642619624731064,-0.5658020972047737,-0.5935192026789141,258072
-1.2280811460838679,-0.7804242974290329,-0.5642619624731064,1.7674024273509943,-0.5935192026789141,298029
-1.2280811460838679,-0.7108995260860346,-0.5642619624731064,1.7674024273509943,-0.5935192026789141,259047
-1.2280811460838679,-0.5923861013921762,-0.5642619624731064,-0.5658020972047737,1.684865452518453,415169
-1.2280811460838679,0.5871600862288193,-0.5642619624731064,-0.5658020972047737,-0.5935192026789141,180509
0.008034753346296003,-0.333627910213837,-0.5642619624731064,1.7674024273509943,-0.5935192026789141,812072
1.2441506527764599,-0.34232044693008595,-0.5642619624731064,-0.5658020972047737,1.684865452518453,345107
1.2441506527764599,-0.3397126859152113,-0.5642619624731064,-0.5658020972047737,-0.5935192026789141,577561
1.2441506527764599,-0.5919204297823771,1.7722264949724689,-0.5658020972047737,-0.5935192026789141,589618
1.2441506527764599,-0.8513926507624082,-0.5642619624731064,-0.5658020972047737,-0.5935192026789141,202566
1.2441506527764599,-0.6203263979801192,1.7722264949724689,-0.5658020972047737,1.684865452518453,650710
1.2441506527764599,-0.03940106475580348,-0.5642619624731064,1.7674024273509943,-0.5935192026789141,958521
0.008034753346296003,-0.19423687501398784,-0.5642619624731064,-0.5658020972047737,-0.5935192026789141,53212
-1.2280811460838679,-0.1001712098345796,1.7722264949724689,-0.5658020972047737,-0.5935192026789141,282131
1.2441506527764599,-0.7180243017159601,-0.5642619624731064,-0.5658020972047737,-0.5935192026789141,526657
0.008034753346296003,-0.26478612389854406,-0.5642619624731064,1.7674024273509943,-0.5935192026789141,661882
1.2441506527764599,2.7683659065275728,-0.5642619624731064,-0.5658020972047737,1.684865452518453,182152
1.2441506527764599,-0.7188159434526185,-0.5642619624731064,1.7674024273509943,-0.5935192026789141,344819
-1.2280811460838679,-0.47475745275693604,-0.5642619624731064,-0.5658020972047737,-0.5935192026789141,72007
-1.2280811460838679,0.14011534082173058,-0.5642619624731064,1.7674024273509943,-0.5935192026789141,688093
-1.2280811460838679,-0.7450332550843051,-0.5642619624731064,-0.5658020972047737,1.684865452518453,394785
1.2441506527764599,-0.34930552107707175,-0.5642619624731064,1.7674024273509943,-0.5935192026789141,670103
1.2441506527764599,-0.23312045443220858,-0.5642619624731064,-0.5658020972047737,-0.5935192026789141,883247
1.2441506527764599,-0.26199209423974973,1.7722264949724689,-0.5658020972047737,-0.5935192026789141,919914
-1.2280811460838679,-0.18864881569639924,-0.5642619624731064,-0.5658020972047737,-0.5935192026789141,837071
0.008034753346296003,0.7706347004896452,-0.5642619624731064,-0.5658020972047737,-0.5935192026789141,375737
1.2441506527764599,-0.09706673243591933,-0.5642619624731064,-0.5658020972047737,1.684865452518453,562164
1.2441506527764599,-0.33300701473410493,-0.5642619624731064,1.7674024273509943,1.684865452518453,128038
1.2441506527764599,-0.9043860799575402,1.7722264949724689,-0.5658020972047737,-0.5935192026789141,406043
0.008034753346296003,-0.3575323861835217,-0.5642619624731064,-0.5658020972047737,-0.5935192026789141,840168
1.2441506527764599,3.098061406265301,1.7722264949724689,-0.5658020972047737,1.684865452518453,827794
0.008034753346296003,-0.7629771344485619,1.7722264949724689,-0.5658020972047737,-0.5935192026789141,66473
1.2441506527764599,-0.4430917832906006,-0.5642619624731064,1.7674024273509943,1.684865452518453,703059
0.008034753346296003,-0.6694547528139191,-0.5642619624731064,-0.5658020972047737,-0.5935192026789141,175801
1.2441506527764599,0.34268249108431764,-0.5642619624731064,1.7674024273509943,-0.5935192026789141,944030
-1.2280811460838679,-0.7673854923546595,-0.5642619624731064,-0.5658020972047737,-0.5935192026789141,660911
-1.2280811460838679,-0.2496517965800749,-0.5642619624731064,-0.5658020972047737,-0.5935192026789141,558252
-1.2280811460838679,-0.9653890608412159,-0.5642619624731064,-0.5658020972047737,-0.5935192026789141,275097
-1.2280811460838679,-0.4838846163089974,1.7722264949724689,-0.5658020972047737,1.684865452518453,348964
1.2441506527764599,-0.08480404671121093,-0.5642619624731064,-0.5658020972047737,-0.5935192026789141,265933
-1.2280811460838679,3.469667350884943,-0.5642619624731064,-0.5658020972047737,1.684865452518453,369733
0.008034753346296003,-0.00424285821597515,-0.5642619624731064,-0.5658020972047737,-0.5935192026789141,771167
-1.2280811460838679,1.0933451260803875,-0.5642619624731064,-0.5658020972047737,-0.5935192026789141,330558
-1.2280811460838679,-0.5250965537762133,1.7722264949724689,-0.5658020972047737,-0.5935192026789141,439522
-1.2280811460838679,2.0121152122139145,1.7722264949724689,-0.5658020972047737,1.684865452518453,74220
1.2441506527764599,-0.9669412995405461,-0.5642619624731064,-0.5658020972047737,-0.5935192026789141,634819
-1.2280811460838679,-0.617532368321325,-0.5642619624731064,1.7674024273509943,1.684865452518453,422146
0.008034753346296003,0.08392429990597852,-0.5642619624731064,-0.5658020972047737,1.684865452518453,557409
-1.2280811460838679,-0.8393472784556062,1.7722264949724689,-0.5658020972047737,1.684865452518453,747785
-1.2280811460838679,2.329703250096867,-0.5642619624731064,1.7674024273509943,-0.5935192026789141,59387
-1.2280811460838679,-0.7998428035576534,-0.5642619624731064,-0.5658020972047737,-0.5935192026789141,295752
0.008034753346296003,-0.2925867190035474,1.7722264949724689,-0.5658020972047737,-0.5935192026789141,651103
-1.2280811460838679,2.4461211525466298,1.7722264949724689,-0.5658020972047737,-0.5935192026789141,601872
0.008034753346296003,1.620951059982712,-0.5642619624731064,1.7674024273509943,1.684865452518453,619071
0.008034753346296003,-0.6491980377876604,1.7722264949724689,-0.5658020972047737,1.684865452518453,745169
-1.2280811460838679,-0.9134666763486217,1.7722264949724689,-0.5658020972047737,-0.5935192026789141,759687
0.008034753346296003,-0.15543090753073355,1.7722264949724689,-0.5658020972047737,-0.5935192026789141,698782
1.2441506527764599,-0.7481532548699587,1.7722264949724689,-0.5658020972047737,-0.5935192026789141,690102
-1.2280811460838679,-0.41155029292021156,1.7722264949724689,-0.5658020972047737,1.684865452518453,300139
-1.2280811460838679,-0.581675654366798,1.7722264949724689,-0.5658020972047737,-0.5935192026789141,967184
0.008034753346296003,0.5485093426154981,1.7722264949724689,-0.5658020972047737,-0.5935192026789141,550228
0.008034753346296003,-0.5479610298173467,1.7722264949724689,-0.5658020972047737,1.684865452518453,716217
-1.2280811460838679,0.897297378354987,-0.5642619624731064,-0.5658020972047737,1.684865452518453,747621
1.2441506527764599,-0.6377890833475837,1.7722264949724689,-0.5658020972047737,-0.5935192026789141,910020
0.008034753346296003,-0.9992899540345869,-0.5642619624731064,-0.5658020972047737,-0.5935192026789141,984499
0.008034753346296003,0.43535114143432874,-0.5642619624731064,-0.5658020972047737,-0.5935192026789141,296509
1.2441506527764599,-0.038236885731305854,-0.5642619624731064,-0.5658020972047737,-0.5935192026789141,63580
1.2441506527764599,-0.28768164471366403,-0.5642619624731064,-0.5658020972047737,-0.5935192026789141,592528
-1.2280811460838679,-0.5464708806659898,-0.5642619624731064,-0.5658020972047737,-0.5935192026789141,828639
1.2441506527764599,-0.4686726770555617,-0.5642619624731064,-0.5658020972047737,-0.5935192026789141,395590
-1.2280811460838679,3.064533050359769,1.7722264949724689,-0.5658020972047737,-0.5935192026789141,518968
1.2441506527764599,-0.46264999090216075,-0.5642619624731064,-0.5658020972047737,-0.5935192026789141,940965
0.008034753346296003,-0.47363984089341826,-0.5642619624731064,1.7674024273509943,1.684865452518453,828559
-1.2280811460838679,-0.8346905623576156,-0.5642619624731064,-0.5658020972047737,-0.5935192026789141,533663
-1.2280811460838679,-0.9009401100450272,-0.5642619624731064,-0.5658020972047737,-0.5935192026789141,478082
-1.2280811460838679,0.10286161203780651,-0.5642619624731064,-0.5658020972047737,-0.5935192026789141,655262
1.2441506527764599,-0.7085246008760595,1.7722264949724689,-0.5658020972047737,-0.5935192026789141,647689
0.008034753346296003,0.1276974312270893,1.7722264949724689,-0.5658020972047737,1.684865452518453,263165
-1.2280811460838679,0.49681979392780345,-0.5642619624731064,-0.5658020972047737,1.684865452518453,455427
-1.2280811460838679,0.24163175175792362,1.7722264949724689,-0.5658020972047737,-0.5935192026789141,502201
-1.2280811460838679,0.006933260419202067,-0.5642619624731064,1.7674024273509943,1.684865452518453,214340
-1.2280811460838679,-0.04398016891882755,-0.5642619624731064,1.7674024273509943,-0.5935192026789141,840078
0.008034753346296003,-0.7768851931945602,1.7722264949724689,-0.5658020972047737,-0.5935192026789141,760731
1.2441506527764599,-0.6701532602286177,-0.5642619624731064,1.7674024273509943,-0.5935192026789141,822411
0.008034753346296003,-0.8752350371841197,-0.5642619624731064,1.7674024273509943,-0.5935192026789141,354960
-1.2280811460838679,-0.0193771855344443,-0.5642619624731064,-0.5658020972047737,-0.5935192026789141,139460
0.008034753346296003,2.254264449309421,-0.5642619624731064,1.7674024273509943,-0.5935192026789141,356256
-1.2280811460838679,-0.7742774321796854,-0.5642619624731064,-0.5658020972047737,-0.5935192026789141,101048
1.2441506527764599,0.9080078253803652,-0.5642619624731064,-0.5658020972047737,-0.5935192026789141,780806
1.2441506527764599,-0.7832183270878271,-0.5642619624731064,-0.5658020972047737,-0.5935192026789141,182850
1.2441506527764599,-0.7304577336975947,1.7722264949724689,-0.5658020972047737,1.684865452518453,882184
-1.2280811460838679,1.0048675202185677,-0.5642619624731064,-0.5658020972047737,-0.5935192026789141,528193
0.008034753346296003,-0.1534906091565709,1.7722264949724689,-0.5658020972047737,-0.5935192026789141,907158
1.2441506527764599,-0.8326726520484864,1.7722264949724689,-0.5658020972047737,1.684865452518453,786200
-1.2280811460838679,-0.03994434830056897,1.7722264949724689,-0.5658020972047737,1.684865452518453,994793
-1.2280811460838679,1.6637928480842246,1.7722264949724689,-0.5658020972047737,-0.5935192026789141,356932
0.008034753346296003,-0.6263801289075069,1.7722264949724689,-0.5658020972047737,-0.5935192026789141,316891
1.2441506527764599,-0.554666700998453,-0.5642619624731064,-0.5658020972047737,1.684865452518453,574333
-1.2280811460838679,2.0400555088018577,1.7722264949724689,-0.5658020972047737,-0.5935192026789141,582046
0.008034753346296003,-0.03474434865781297,-0.5642619624731064,1.7674024273509943,-0.5935192026789141,829685
1.2441506527764599,-0.1874846366719016,-0.5642619624731064,1.7674024273509943,-0.5935192026789141,961508
0.008034753346296003,-0.39889954752067064,1.7722264949724689,-0.5658020972047737,1.684865452518453,728797
0.008034753346296003,2.294312207752139,-0.5642619624731064,1.7674024273509943,-0.5935192026789141,724945
-1.2280811460838679,-0.18422493540330825,-0.5642619624731064,-0.5658020972047737,-0.5935192026789141,190926
-1.2280811460838679,0.17271235350766412,-0.5642619624731064,-0.5658020972047737,-0.5935192026789141,233148
-1.2280811460838679,-0.11996225325103925,-0.5642619624731064,-0.5658020972047737,1.684865452518453,893382
0.008034753346296003,-1.0603860692402223,1.7722264949724689,-0.5658020972047737,-0.5935192026789141,722709
-1.2280811460838679,-0.02077420036384145,1.7722264949724689,-0.5658020972047737,-0.5935192026789141,801588
0.008034753346296003,-0.3451144765888803,-0.5642619624731064,-0.5658020972047737,-0.5935192026789141,726708
0.008034753346296003,-0.13858911764300128,1.7722264949724689,-0.5658020972047737,-0.5935192026789141,215368
-1.2280811460838679,-0.5540458055187211,-0.5642619624731064,1.7674024273509943,-0.5935192026789141,544496
1.2441506527764599,-0.783311461409787,-0.5642619624731064,-0.5658020972047737,-0.5935192026789141,69455
1.2441506527764599,1.1431719883288858,-0.5642619624731064,1.7674024273509943,1.684865452518453,784184
1.2441506527764599,0.4949571074886072,-0.5642619624731064,-0.5658020972047737,1.684865452518453,515139
0.008034753346296003,1.8295719411726865,-0.5642619624731064,1.7674024273509943,-0.5935192026789141,281897
0.008034753346296003,-0.9124887659680437,-0.5642619624731064,-0.5658020972047737,-0.5935192026789141,482509
0.008034753346296003,-0.2645532880936445,-0.5642619624731064,1.7674024273509943,1.684865452518453,542646
-1.2280811460838679,0.25560190005189515,-0.5642619624731064,-0.5658020972047737,1.684865452518453,662840
0.008034753346296003,-0.7748362381114443,1.7722264949724689,-0.5658020972047737,-0.5935192026789141,882548
-1.2280811460838679,-0.26688164614263976,-0.5642619624731064,1.7674024273509943,-0.5935192026789141,432605
-1.2280811460838679,-0.8536278744894437,-0.5642619624731064,-0.5658020972047737,-0.5935192026789141,614772
1.2441506527764599,-0.48830849660208836,-0.5642619624731064,1.7674024273509943,-0.5935192026789141,997719
1.2441506527764599,0.6113750099383699,-0.5642619624731064,-0.5658020972047737,1.684865452518453,393782
1.2441506527764599,-0.8457114571228598,1.7722264949724689,-0.5658020972047737,-0.5935192026789141,708764
-1.2280811460838679,-0.7303801217626283,-0.5642619624731064,-0.5658020972047737,-0.5935192026789141,218332
-1.2280811460838679,2.1387778900792562,-0.5642619624731064,-0.5658020972047737,-0.5935192026789141,150647
-1.2280811460838679,-0.9383801074728709,-0.5642619624731064,1.7674024273509943,1.684865452518453,639930
0.008034753346296003,-0.34045776049088977,-0.5642619624731064,-0.5658020972047737,1.684865452518453,786091
-1.2280811460838679,-0.9430368235708614,-0.5642619624731064,1.7674024273509943,1.684865452518453,882441
1.2441506527764599,0.44000785753231925,1.7722264949724689,-0.5658020972047737,-0.5935192026789141,178824
1.2441506527764599,-0.34356223788955015,-0.5642619624731064,-0.5658020972047737,1.684865452518453,823202
-1.2280811460838679,0.22486757380515782,1.7722264949724689,-0.5658020972047737,-0.5935192026789141,866037
-1.2280811460838679,-0.6962308703773645,-0.5642619624731064,-0.5658020972047737,-0.5935192026789141,685167
1.2441506527764599,-0.2650189597034436,-0.5642619624731064,1.7674024273509943,-0.5935192026789141,695115
-1.2280811460838679,-0.6124099806135354,-0.5642619624731064,1.7674024273509943,-0.5935192026789141,317724
1.2441506527764599,-0.45687566294065246,1.7722264949724689,-0.5658020972047737,-0.5935192026789141,951334
0.008034753346296003,0.1331302666747448,1.7722264949724689,-0.5658020972047737,-0.5935192026789141,317544
1.2441506527764599,-0.2706070190210322,-0.5642619624731064,-0.5658020972047737,-0.5935192026789141,745003
0.008034753346296003,-0.43731745532909233,-0.5642619624731064,-0.5658020972047737,-0.5935192026789141,801545
-1.2280811460838679,-0.29370433086706504,-0.5642619624731064,1.7674024273509943,-0.5935192026789141,932464
-1.2280811460838679,-0.6682905737894215,-0.5642619624731064,1.7674024273509943,-0.5935192026789141,177319
0.008034753346296003,-0.49971745104216514,-0.5642619624731064,-0.5658020972047737,-0.5935192026789141,562193
-1.2280811460838679,-0.6249831140781098,-0.5642619624731064,-0.5658020972047737,-0.5935192026789141,529389
0.008034753346296003,-0.8780290668429139,1.7722264949724689,-0.5658020972047737,-0.5935192026789141,156960
-1.2280811460838679,-0.9691144337196083,1.7722264949724689,-0.5658020972047737,-0.5935192026789141,89015
1.2441506527764599,0.12055713321017045,-0.5642619624731064,-0.5658020972047737,1.684865452518453,383857
-1.2280811460838679,-0.9076457812261336,-0.5642619624731064,-0.5658020972047737,-0.5935192026789141,778165
1.2441506527764599,2.053094313876231,-0.5642619624731064,-0.5658020972047737,1.684865452518453,982478
1.2441506527764599,-0.6605293802927706,-0.5642619624731064,-0.5658020972047737,-0.5935192026789141,195109
0.008034753346296003,0.004760126240139901,-0.5642619624731064,1.7674024273509943,-0.5935192026789141,527508
-1.2280811460838679,2.4433271228878355,-0.5642619624731064,-0.5658020972047737,-0.5935192026789141,836351
0.008034753346296003,-1.0665329344895695,-0.5642619624731064,-0.5658020972047737,1.684865452518453,983671
-1.2280811460838679,-0.5860995346598891,-0.5642619624731064,1.7674024273509943,1.684865452518453,138754
1.2441506527764599,0.9736675223620314,-0.5642619624731064,-0.5658020972047737,-0.5935192026789141,271775
1.2441506527764599,-0.9842021938770975,-0.5642619624731064,-0.5658020972047737,-0.5935192026789141,355292
-1.2280811460838679,1.0472436367102813,1.7722264949724689,-0.5658020972047737,1.684865452518453,777513
-1.2280811460838679,1.8277092547334903,1.7722264949724689,-0.5658020972047737,-0.5935192026789141,726894
0.008034753346296003,0.8484018593260867,-0.5642619624731064,-0.5658020972047737,-0.5935192026789141,796355
-1.2280811460838679,-0.34250671557400564,-0.5642619624731064,1.7674024273509943,1.684865452518453,959222
-1.2280811460838679,-0.3914488017638858,-0.5642619624731064,-0.5658020972047737,-0.5935192026789141,922510
-1.2280811460838679,-0.1653652352064467,-0.5642619624731064,-0.5658020972047737,-0.5935192026789141,106879
0.008034753346296003,2.0847599833425665,1.7722264949724689,-0.5658020972047737,-0.5935192026789141,169894
-1.2280811460838679,-0.5742249086100132,1.7722264949724689,-0.5658020972047737,-0.5935192026789141,640127
1.2441506527764599,1.6451659836922625,-0.5642619624731064,-0.5658020972047737,-0.5935192026789141,79756
0.008034753346296003,-0.8277365329846165,1.7722264949724689,-0.5658020972047737,-0.5935192026789141,718043
0.008034753346296003,-0.33449716388546197,-0.5642619624731064,-0.5658020972047737,-0.5935192026789141,230557
1.2441506527764599,-0.5854010272451905,1.7722264949724689,-0.5658020972047737,-0.5935192026789141,279303
1.2441506527764599,-0.32765179122141586,-0.5642619624731064,-0.5658020972047737,-0.5935192026789141,454241
1.2441506527764599,1.070992888810033,-0.5642619624731064,-0.5658020972047737,-0.5935192026789141,724075
-1.2280811460838679,-0.1569831462300638,-0.5642619624731064,-0.5658020972047737,-0.5935192026789141,541599
1.2441506527764599,-0.2175204555039404,-0.5642619624731064,-0.5658020972047737,-0.5935192026789141,545283
-1.2280811460838679,0.9969511028519839,-0.5642619624731064,-0.5658020972047737,1.684865452518453,667231
0.008034753346296003,1.5687958396852182,1.7722264949724689,-0.5658020972047737,-0.5935192026789141,792476
0.008034753346296003,-0.7064756457929436,-0.5642619624731064,1.7674024273509943,-0.5935192026789141,198188
1.2441506527764599,0.4232436795795534,-0.5642619624731064,-0.5658020972047737,-0.5935192026789141,611032
-1.2280811460838679,3.129727075731636,-0.5642619624731064,1.7674024273509943,-0.5935192026789141,174697
1.2441506527764599,0.9657511049954475,1.7722264949724689,-0.5658020972047737,1.684865452518453,530795
1.2441506527764599,-0.6491049034657006,1.7722264949724689,-0.5658020972047737,1.684865452518453,690360
-1.2280811460838679,-0.3736135791085822,-0.5642619624731064,1.7674024273509943,-0.5935192026789141,445340
1.2441506527764599,1.1427063167190867,-0.5642619624731064,1.7674024273509943,-0.5935192026789141,286028
0.008034753346296003,1.7979062717063512,1.7722264949724689,-0.5658020972047737,1.684865452518453,743411
1.2441506527764599,-0.49832043621276795,1.7722264949724689,-0.5658020972047737,-0.5935192026789141,57176
-1.2280811460838679,-0.4075144723019531,-0.5642619624731064,-0.5658020972047737,1.684865452518453,927742
-1.2280811460838679,0.3412854762549205,-0.5642619624731064,-0.5658020972047737,1.684865452518453,826653
0.008034753346296003,-0.41279208387967564,-0.5642619624731064,-0.5658020972047737,-0.5935192026789141,508034
-1.2280811460838679,-0.9313018990039253,-0.5642619624731064,-0.5658020972047737,1.684865452518453,563611
-1.2280811460838679,-0.10156822466397675,-0.5642619624731064,1.7674024273509943,-0.5935192026789141,199748
0.008034753346296003,-0.19703090467278214,1.7722264949724689,-0.5658020972047737,-0.5935192026789141,95177
1.2441506527764599,0.1419780272609268,-0.5642619624731064,1.7674024273509943,-0.5935192026789141,533512
0.008034753346296003,-0.6831920653029911,-0.5642619624731064,-0.5658020972047737,-0.5935192026789141,160623
1.2441506527764599,-0.01572942459101833,-0.5642619624731064,-0.5658020972047737,-0.5935192026789141,575285
0.008034753346296003,-0.6717054989279478,-0.5642619624731064,1.7674024273509943,-0.5935192026789141,502546
1.2441506527764599,0.8796018571826231,-0.5642619624731064,-0.5658020972047737,1.684865452518453,546184
0.008034753346296003,-0.3723096986011449,1.7722264949724689,-0.5658020972047737,1.684865452518453,694467
1.2441506527764599,-0.4869114817726912,-0.5642619624731064,-0.5658020972047737,1.684865452518453,297439
0.008034753346296003,0.2881989127378287,-0.5642619624731064,1.7674024273509943,-0.5935192026789141,694691
1.2441506527764599,-0.3395264172712917,1.7722264949724689,-0.5658020972047737,-0.5935192026789141,978735
0.008034753346296003,-0.356523431028957,1.7722264949724689,-0.5658020972047737,-0.5935192026789141,145287
-1.2280811460838679,-1.0894439776916829,-0.5642619624731064,-0.5658020972047737,1.684865452518453,169574
1.2441506527764599,-0.8629413066854247,1.7722264949724689,-0.5658020972047737,-0.5935192026789141,830751
0.008034753346296003,-0.8361651891219792,-0.5642619624731064,1.7674024273509943,1.684865452518453,171509
1.2441506527764599,0.2577750342309573,1.7722264949724689,-0.5658020972047737,-0.5935192026789141,397591
1.2441506527764599,-0.27731269020213856,-0.5642619624731064,-0.5658020972047737,-0.5935192026789141,945954
0.008034753346296003,3.440795711077402,1.7722264949724689,-0.5658020972047737,-0.5935192026789141,499181
1.2441506527764599,-0.654786097105249,1.7722264949724689,-0.5658020972047737,-0.5935192026789141,393288
0.008034753346296003,-0.6727144540825125,-0.5642619624731064,-0.5658020972047737,1.684865452518453,822793
-1.2280811460838679,-0.1672279216456429,1.7722264949724689,-0.5658020972047737,-0.5935192026789141,242589
1.2441506527764599,-0.6068219212959468,1.7722264949724689,-0.5658020972047737,-0.5935192026789141,929125
-1.2280811460838679,-0.5639801331944341,-0.5642619624731064,-0.5658020972047737,1.684865452518453,406459
1.2441506527764599,2.705034567594902,-0.5642619624731064,1.7674024273509943,-0.5935192026789141,538720
1.2441506527764599,-0.6030965484175543,-0.5642619624731064,-0.5658020972047737,-0.5935192026789141,863819
1.2441506527764599,-0.8946069761517601,-0.5642619624731064,1.7674024273509943,1.684865452518453,54090
0.008034753346296003,-0.6096159509547411,-0.5642619624731064,-0.5658020972047737,1.684865452518453,957278
-1.2280811460838679,0.37108845928205975,-0.5642619624731064,-0.5658020972047737,1.684865452518453,468161
1.2441506527764599,-0.7991442961429547,-0.5642619624731064,-0.5658020972047737,1.684865452518453,876671
0.008034753346296003,-0.42862491861284335,-0.5642619624731064,1.7674024273509943,-0.5935192026789141,53743
1.2441506527764599,-0.8312756372190893,-0.5642619624731064,1.7674024273509943,1.684865452518453,80924
0.008034753346296003,0.83210335298312,-0.5642619624731064,1.7674024273509943,-0.5935192026789141,191268
1.2441506527764599,-0.6925054974989722,-0.5642619624731064,-0.5658020972047737,-0.5935192026789141,966592
-1.2280811460838679,-0.7120637051105323,-0.5642619624731064,1.7674024273509943,1.684865452518453,928247
-1.2280811460838679,-0.14363389341582442,1.7722264949724689,-0.5658020972047737,-0.5935192026789141,679600
1.2441506527764599,-0.8545592177090418,-0.5642619624731064,-0.5658020972047737,-0.5935192026789141,381004
0.008034753346296003,-0.40621059179451574,-0.5642619624731064,-0.5658020972047737,-0.5935192026789141,790537
1.2441506527764599,0.009727290077996371,-0.5642619624731064,-0.5658020972047737,-0.5935192026789141,798378
0.008034753346296003,0.2354227969606029,1.7722264949724689,-0.5658020972047737,1.684865452518453,279602
1.2441506527764599,-0.7246368385751066,-0.5642619624731064,1.7674024273509943,1.684865452518453,392543
0.008034753346296003,-0.6803980356441968,-0.5642619624731064,-0.5658020972047737,-0.5935192026789141,885227
-1.2280811460838679,-0.5327801353378977,1.7722264949724689,-0.5658020972047737,1.684865452518453,887985
1.2441506527764599,-0.3341711937586026,1.7722264949724689,-0.5658020972047737,-0.5935192026789141,558928
-1.2280811460838679,3.239625575644212,-0.5642619624731064,-0.5658020972047737,1.684865452518453,153976
-1.2280811460838679,-0.6759741553511058,-0.5642619624731064,-0.5658020972047737,-0.5935192026789141,205183
1.2441506527764599,-0.43713118668517265,-0.5642619624731064,-0.5658020972047737,-0.5935192026789141,687854
1.2441506527764599,-0.5790678933519234,-0.5642619624731064,-0.5658020972047737,1.684865452518453,307443
0.008034753346296003,2.4079360805431076,-0.5642619624731064,1.7674024273509943,1.684865452518453,694256
0.008034753346296003,0.933154092309514,-0.5642619624731064,-0.5658020972047737,1.684865452518453,111600
-1.2280811460838679,-0.37165775834742615,-0.5642619624731064,1.7674024273509943,-0.5935192026789141,624310
0.008034753346296003,-0.3409234321006888,-0.5642619624731064,-0.5658020972047737,1.684865452518453,708559
0.008034753346296003,-0.5684040134875251,-0.5642619624731064,1.7674024273509943,-0.5935192026789141,887329
1.2441506527764599,-0.3546607445897608,1.7722264949724689,-0.5658020972047737,-0.5935192026789141,874470
0.008034753346296003,0.42743472406774485,-0.5642619624731064,1.7674024273509943,-0.5935192026789141,173323
-1.2280811460838679,-0.3249353734975881,-0.5642619624731064,-0.5658020972047737,-0.5935192026789141,236110
0.008034753346296003,-0.6284290839906228,-0.5642619624731064,-0.5658020972047737,-0.5935192026789141,694566
-1.2280811460838679,-0.5205174496131895,-0.5642619624731064,-0.5658020972047737,-0.5935192026789141,947486
1.2441506527764599,-0.48264282534953323,-0.5642619624731064,1.7674024273509943,1.684865452518453,320041
-1.2280811460838679,1.1226824374977276,-0.5642619624731064,-0.5658020972047737,-0.5935192026789141,638829
0.008034753346296003,-0.38547268277146474,-0.5642619624731064,-0.5658020972047737,1.684865452518453,156968
1.2441506527764599,1.9357450682068702,1.7722264949724689,-0.5658020972047737,-0.5935192026789141,589180
0.008034753346296003,-0.30995627004905196,-0.5642619624731064,1.7674024273509943,-0.5935192026789141,975775
1.2441506527764599,2.7562584446727976,1.7722264949724689,-0.5658020972047737,-0.5935192026789141,74815
1.2441506527764599,-0.6265663975514266,-0.5642619624731064,-0.5658020972047737,-0.5935192026789141,882044
0.008034753346296003,-0.687150273986283,-0.5642619624731064,-0.5658020972047737,1.684865452518453,476573
0.008034753346296003,-0.15387866883140353,-0.5642619624731064,-0.5658020972047737,-0.5935192026789141,518304
1.2441506527764599,-0.9011263786889468,-0.5642619624731064,1.7674024273509943,1.684865452518453,852699
1.2441506527764599,-0.7530428067728487,-0.5642619624731064,-0.5658020972047737,-0.5935192026789141,854700
0.008034753346296003,-0.06974733132770822,-0.5642619624731064,-0.5658020972047737,-0.5935192026789141,688751
-1.2280811460838679,1.926431636010889,-0.5642619624731064,-0.5658020972047737,-0.5935192026789141,981767
0.008034753346296003,-0.9889054771360679,-0.5642619624731064,-0.5658020972047737,1.684865452518453,514151
1.2441506527764599,-0.7502487771140544,-0.5642619624731064,-0.5658020972047737,1.684865452518453,931779
0.008034753346296003,2.584891292266747,-0.5642619624731064,1.7674024273509943,-0.5935192026789141,240732
-1.2280811460838679,-0.9316744362917645,-0.5642619624731064,-0.5658020972047737,-0.5935192026789141,246599
0.008034753346296003,-0.775953849974962,-0.5642619624731064,-0.5658020972047737,1.684865452518453,244451
1.2441506527764599,-0.7305043008585747,-0.5642619624731064,-0.5658020972047737,-0.5935192026789141,406686
0.008034753346296003,-0.3924267121444638,-0.5642619624731064,-0.5658020972047737,-0.5935192026789141,746631
1.2441506527764599,0.17969742765464988,-0.5642619624731064,-0.5658020972047737,1.684865452518453,378756
1.2441506527764599,-0.7018189296949532,-0.5642619624731064,-0.5658020972047737,-0.5935192026789141,188307
0.008034753346296003,-0.13556225217930745,-0.5642619624731064,-0.5658020972047737,1.684865452518453,138757
1.2441506527764599,0.32452129830215465,-0.5642619624731064,-0.5658020972047737,-0.5935192026789141,459633
1.2441506527764599,0.05784668975723169,-0.5642619624731064,-0.5658020972047737,-0.5935192026789141,934507
-1.2280811460838679,0.18668250180163565,1.7722264949724689,-0.5658020972047737,-0.5935192026789141,346753
-1.2280811460838679,-0.8916266778490461,1.7722264949724689,-0.5658020972047737,-0.5935192026789141,939217
-1.2280811460838679,3.3616315374115633,1.7722264949724689,-0.5658020972047737,-0.5935192026789141,304200
-1.2280811460838679,-0.269365228061568,-0.5642619624731064,-0.5658020972047737,-0.5935192026789141,597933
1.2441506527764599,3.107374838461282,-0.5642619624731064,1.7674024273509943,1.684865452518453,506089
0.008034753346296003,-0.28155030185130986,-0.5642619624731064,-0.5658020972047737,-0.5935192026789141,769918
1.2441506527764599,2.978849474156744,1.7722264949724689,-0.5658020972047737,-0.5935192026789141,374377
1.2441506527764599,-0.4741055125032173,-0.5642619624731064,1.7674024273509943,-0.5935192026789141,423587
1.2441506527764599,-0.599836847148961,-0.5642619624731064,-0.5658020972047737,1.684865452518453,204473
0.008034753346296003,0.019040722273977385,-0.5642619624731064,1.7674024273509943,-0.5935192026789141,844203
-1.2280811460838679,-0.5734798340343348,-0.5642619624731064,-0.5658020972047737,-0.5935192026789141,517667
1.2441506527764599,-0.12904284964212073,-0.5642619624731064,-0.5658020972047737,1.684865452518453,522650
1.2441506527764599,-0.31065477746375053,-0.5642619624731064,-0.5658020972047737,1.684865452518453,510665
-1.2280811460838679,-0.8864577229802767,1.7722264949724689,-0.5658020972047737,1.684865452518453,414745
1.2441506527764599,-0.7875025058979784,-0.5642619624731064,-0.5658020972047737,-0.5935192026789141,535820
0.008034753346296003,2.1406405765184524,-0.5642619624731064,-0.5658020972047737,-0.5935192026789141,445158
1.2441506527764599,-0.9698129411343068,1.7722264949724689,-0.5658020972047737,-0.5935192026789141,725748
1.2441506527764599,-0.8974010058105545,1.7722264949724689,-0.5658020972047737,-0.5935192026789141,961656
-1.2280811460838679,-0.8368636965366778,1.7722264949724689,-0.5658020972047737,1.684865452518453,657539
1.2441506527764599,-0.14161598310669513,1.7722264949724689,-0.5658020972047737,-0.5935192026789141,631330
1.2441506527764599,-0.30623089717065954,-0.5642619624731064,-0.5658020972047737,-0.5935192026789141,890172
0.008034753346296003,0.050706391740312835,1.7722264949724689,-0.5658020972047737,1.684865452518453,246945
-1.2280811460838679,-0.5574607306572474,-0.5642619624731064,-0.5658020972047737,-0.5935192026789141,621312
-1.2280811460838679,0.5145153151001673,-0.5642619624731064,-0.5658020972047737,-0.5935192026789141,728810
0.008034753346296003,-0.9709771201588044,1.7722264949724689,-0.5658020972047737,-0.5935192026789141,631253
1.2441506527764599,-0.8974010058105545,-0.5642619624731064,-0.5658020972047737,-0.5935192026789141,322201
-1.2280811460838679,2.400485334786323,-0.5642619624731064,-0.5658020972047737,-0.5935192026789141,798609
-1.2280811460838679,-0.5671467001410676,-0.5642619624731064,-0.5658020972047737,-0.5935192026789141,845415
1.2441506527764599,-0.636159232713287,-0.5642619624731064,1.7674024273509943,-0.5935192026789141,442613
1.2441506527764599,0.04760191434165257,-0.5642619624731064,-0.5658020972047737,-0.5935192026789141,594283
-1.2280811460838679,-0.4838846163089974,-0.5642619624731064,-0.5658020972047737,-0.5935192026789141,164587
1.2441506527764599,-0.37608163864051714,-0.5642619624731064,-0.5658020972047737,-0.5935192026789141,283076
-1.2280811460838679,0.3468735355725091,-0.5642619624731064,-0.5658020972047737,-0.5935192026789141,796988
1.2441506527764599,-0.8811956337895475,1.7722264949724689,-0.5658020972047737,-0.5935192026789141,520897
1.2441506527764599,-0.11716822359224495,1.7722264949724689,-0.5658020972047737,-0.5935192026789141,88886
0.008034753346296003,-0.21891747033333753,-0.5642619624731064,-0.5658020972047737,-0.5935192026789141,401169
1.2441506527764599,1.2782167551706105,1.7722264949724689,-0.5658020972047737,-0.5935192026789141,539788
0.008034753346296003,-0.775953849974962,-0.5642619624731064,1.7674024273509943,1.684865452518453,145149
1.2441506527764599,0.25467055683229706,-0.5642619624731064,1.7674024273509943,1.684865452518453,668308
-1.2280811460838679,-0.17025478710933672,-0.5642619624731064,-0.5658020972047737,-0.5935192026789141,576961
-1.2280811460838679,0.6514227683810883,-0.5642619624731064,-0.5658020972047737,-0.5935192026789141,913945
1.2441506527764599,2.7897868005783293,1.7722264949724689,-0.5658020972047737,-0.5935192026789141,73466
1.2441506527764599,-0.30599806136576,-0.5642619624731064,-0.5658020972047737,1.684865452518453,287626
-1.2280811460838679,0.4064795016267876,-0.5642619624731064,-0.5658020972047737,1.684865452518453,928977
1.2441506527764599,0.8898466325982023,-0.5642619624731064,1.7674024273509943,-0.5935192026789141,559966
0.008034753346296003,-0.8433830990738646,-0.5642619624731064,-0.5658020972047737,1.684865452518453,624694
0.008034753346296003,-0.039633900560703005,-0.5642619624731064,-0.5658020972047737,1.684865452518453,446904
0.008034753346296003,0.5536317303232876,-0.5642619624731064,1.7674024273509943,-0.5935192026789141,643572
0.008034753346296003,-0.2534703037804271,-0.5642619624731064,-0.5658020972047737,-0.5935192026789141,810006
0.008034753346296003,-0.9043860799575402,-0.5642619624731064,-0.5658020972047737,1.684865452518453,951011
1.2441506527764599,-0.9054726470470714,-0.5642619624731064,-0.5658020972047737,-0.5935192026789141,587953
1.2441506527764599,0.26677801868707235,-0.5642619624731064,-0.5658020972047737,1.684865452518453,594929
0.008034753346296003,0.32545264152175274,1.7722264949724689,-0.5658020972047737,-0.5935192026789141,475716
1.2441506527764599,1.612568971006329,-0.5642619624731064,-0.5658020972047737,-0.5935192026789141,610085
1.2441506527764599,-0.6433771426651723,-0.5642619624731064,1.7674024273509943,1.684865452518453,790126
0.008034753346296003,-0.9566344345769936,-0.5642619624731064,-0.5658020972047737,-0.5935192026789141,358094
1.2441506527764599,0.34501084913331287,-0.5642619624731064,-0.5658020972047737,1.684865452518453,992550
1.2441506527764599,0.7152197789235583,-0.5642619624731064,1.7674024273509943,-0.5935192026789141,965986
1.2441506527764599,-0.9837054774933119,1.7722264949724689,-0.5658020972047737,1.684865452518453,676627
0.008034753346296003,-0.33580104439289926,-0.5642619624731064,1.7674024273509943,-0.5935192026789141,687719
1.2441506527764599,3.4650106347869527,-0.5642619624731064,-0.5658020972047737,-0.5935192026789141,282275
-1.2280811460838679,-0.3828338769826034,-0.5642619624731064,1.7674024273509943,1.684865452518453,452854
-1.2280811460838679,-0.2203144851627347,1.7722264949724689,-0.5658020972047737,-0.5935192026789141,857605
0.008034753346296003,2.283136089116962,-0.5642619624731064,-0.5658020972047737,-0.5935192026789141,718582
-1.2280811460838679,-0.6658069918704932,1.7722264949724689,-0.5658020972047737,-0.5935192026789141,231136
0.008034753346296003,-0.45780700616025055,-0.5642619624731064,1.7674024273509943,-0.5935192026789141,218082
-1.2280811460838679,-0.45594431972105437,-0.5642619624731064,-0.5658020972047737,1.684865452518453,303301
-1.2280811460838679,1.290324217025386,-0.5642619624731064,1.7674024273509943,-0.5935192026789141,592383
-1.2280811460838679,-0.5347359560990538,1.7722264949724689,-0.5658020972047737,-0.5935192026789141,173554
0.008034753346296003,-0.005484649175439215,-0.5642619624731064,1.7674024273509943,-0.5935192026789141,444655
0.008034753346296003,0.3589809974272844,-0.5642619624731064,-0.5658020972047737,-0.5935192026789141,962046
1.2441506527764599,-0.9538404049181993,1.7722264949724689,-0.5658020972047737,-0.5935192026789141,809277
0.008034753346296003,-0.28364582409540556,-0.5642619624731064,1.7674024273509943,1.684865452518453,528766
-1.2280811460838679,-0.8450129497081612,1.7722264949724689,-0.5658020972047737,-0.5935192026789141,972879
-1.2280811460838679,-0.475735363137514,1.7722264949724689,-0.5658020972047737,-0.5935192026789141,663311
0.008034753346296003,-0.2929592562913866,-0.5642619624731064,-0.5658020972047737,-0.5935192026789141,681469
0.008034753346296003,2.356712203465212,-0.5642619624731064,-0.5658020972047737,-0.5935192026789141,272310
0.008034753346296003,0.7184794801921516,1.7722264949724689,-0.5658020972047737,-0.5935192026789141,857032
1.2441506527764599,-0.6583562461137085,-0.5642619624731064,1.7674024273509943,1.684865452518453,838898
-1.2280811460838679,-0.3700279077131295,-0.5642619624731064,1.7674024273509943,-0.5935192026789141,830637
1.2441506527764599,-0.5908028179188594,-0.5642619624731064,1.7674024273509943,-0.5935192026789141,549344
1.2441506527764599,-0.3837652202022015,-0.5642619624731064,-0.5658020972047737,1.684865452518453,750457
-1.2280811460838679,-0.5500099849004626,1.7722264949724689,-0.5658020972047737,-0.5935192026789141,946366
-1.2280811460838679,2.2961748941913354,1.7722264949724689,-0.5658020972047737,1.684865452518453,627564
0.008034753346296003,-0.287371196973798,-0.5642619624731064,-0.5658020972047737,-0.5935192026789141,493333
0.008034753346296003,0.126455640267625,1.7722264949724689,-0.5658020972047737,-0.5935192026789141,490187
1.2441506527764599,-0.5971980413600997,1.7722264949724689,-0.5658020972047737,1.684865452518453,319072
0.008034753346296003,-0.4519084991027959,-0.5642619624731064,-0.5658020972047737,1.684865452518453,891741
0.008034753346296003,-0.314845821951942,-0.5642619624731064,-0.5658020972047737,-0.5935192026789141,255719
-1.2280811460838679,-0.9507204051325457,1.7722264949724689,-0.5658020972047737,1.684865452518453,746248
-1.2280811460838679,-0.7772577304823993,-0.5642619624731064,-0.5658020972047737,1.684865452518453,800385
0.008034753346296003,-0.8697711569624773,-0.5642619624731064,1.7674024273509943,-0.5935192026789141,749192
-1.2280811460838679,0.3105511500081831,-0.5642619624731064,-0.5658020972047737,-0.5935192026789141,166196
0.008034753346296003,-0.6170666967115259,-0.5642619624731064,1.7674024273509943,-0.5935192026789141,59404
-1.2280811460838679,-0.7979801171184571,1.7722264949724689,-0.5658020972047737,-0.5935192026789141,476855
-1.2280811460838679,0.9839122977776105,-0.5642619624731064,-0.5658020972047737,-0.5935192026789141,783478
-1.2280811460838679,2.207697288329516,-0.5642619624731064,-0.5658020972047737,-0.5935192026789141,503814
-1.2280811460838679,0.6728436624318446,1.7722264949724689,-0.5658020972047737,-0.5935192026789141,687475
0.008034753346296003,0.9680794630444428,-0.5642619624731064,-0.5658020972047737,-0.5935192026789141,946881
1.2441506527764599,-0.12066076066573783,-0.5642619624731064,-0.5658020972047737,1.684865452518453,601972
-1.2280811460838679,-0.3407682082307558,-0.5642619624731064,1.7674024273509943,-0.5935192026789141,642879
0.008034753346296003,0.27143473478506286,1.7722264949724689,-0.5658020972047737,1.684865452518453,431965
0.008034753346296003,-0.6184637115409231,1.7722264949724689,-0.5658020972047737,-0.5935192026789141,783082
-1.2280811460838679,0.09013325470329905,-0.5642619624731064,-0.5658020972047737,-0.5935192026789141,314826
1.2441506527764599,3.1325211053904307,-0.5642619624731064,-0.5658020972047737,1.684865452518453,161186
-1.2280811460838679,-0.24685776692128059,-0.5642619624731064,-0.5658020972047737,1.684865452518453,817469
0.008034753346296003,-0.07316225646623466,-0.5642619624731064,-0.5658020972047737,1.684865452518453,596120
1.2441506527764599,-0.8586571278752734,1.7722264949724689,-0.5658020972047737,-0.5935192026789141,591285
0.008034753346296003,2.736700237061237,-0.5642619624731064,-0.5658020972047737,-0.5935192026789141,346784
-1.2280811460838679,-0.6925054974989722,1.7722264949724689,-0.5658020972047737,-0.5935192026789141,520098
1.2441506527764599,-0.9609651805481249,-0.5642619624731064,-0.5658020972047737,-0.5935192026789141,90491
0.008034753346296003,0.11496907389258183,-0.5642619624731064,1.7674024273509943,-0.5935192026789141,113043
0.008034753346296003,-0.7446607177964658,-0.5642619624731064,-0.5658020972047737,-0.5935192026789141,948607
0.008034753346296003,-0.4202428296364604,-0.5642619624731064,1.7674024273509943,1.684865452518453,178568
-1.2280811460838679,-0.351633879126067,-0.5642619624731064,-0.5658020972047737,-0.5935192026789141,426394
1.2441506527764599,-0.7183968390037992,-0.5642619624731064,-0.5658020972047737,1.684865452518453,647013
-1.2280811460838679,-0.2920279130717885,-0.5642619624731064,-0.5658020972047737,-0.5935192026789141,178131
-1.2280811460838679,-0.9495562261080481,-0.5642619624731064,-0.5658020972047737,-0.5935192026789141,95520
-1.2280811460838679,0.4129989041639743,1.7722264949724689,-0.5658020972047737,-0.5935192026789141,375063
1.2441506527764599,0.7082347047765725,-0.5642619624731064,-0.5658020972047737,-0.5935192026789141,684157
-1.2280811460838679,2.486168910989348,-0.5642619624731064,-0.5658020972047737,1.684865452518453,638730
-1.2280811460838679,-0.8752816043450995,-0.5642619624731064,-0.5658020972047737,-0.5935192026789141,835313
-1.2280811460838679,0.1466347433589173,-0.5642619624731064,-0.5658020972047737,-0.5935192026789141,202842
-1.2280811460838679,-0.9868099548919722,-0.5642619624731064,1.7674024273509943,-0.5935192026789141,417390
0.008034753346296003,-0.6980935568165607,-0.5642619624731064,-0.5658020972047737,-0.5935192026789141,752858
-1.2280811460838679,0.09789444819995005,1.7722264949724689,-0.5658020972047737,-0.5935192026789141,421831
0.008034753346296003,1.007195878267563,-0.5642619624731064,1.7674024273509943,1.684865452518453,572485
-1.2280811460838679,0.26801980964653643,1.7722264949724689,-0.5658020972047737,-0.5935192026789141,697735
1.2441506527764599,2.0139778986531107,1.7722264949724689,-0.5658020972047737,-0.5935192026789141,635765
0.008034753346296003,-0.3022726884873676,1.7722264949724689,-0.5658020972047737,-0.5935192026789141,574532
0.008034753346296003,0.3062048816500586,-0.5642619624731064,-0.5658020972047737,-0.5935192026789141,915885
0.008034753346296003,-0.4124040242048431,1.7722264949724689,-0.5658020972047737,-0.5935192026789141,500953
0.008034753346296003,-0.7758607156530022,-0.5642619624731064,1.7674024273509943,1.684865452518453,227561
1.2441506527764599,0.68495112428662,-0.5642619624731064,-0.5658020972047737,-0.5935192026789141,964394
-1.2280811460838679,0.45211531938709454,1.7722264949724689,-0.5658020972047737,1.684865452518453,907735
0.008034753346296003,-0.4613461103947233,-0.5642619624731064,1.7674024273509943,-0.5935192026789141,340534
1.2441506527764599,2.5290106990908607,1.7722264949724689,-0.5658020972047737,1.684865452518453,584535
0.008034753346296003,-0.42260223245944234,-0.5642619624731064,-0.5658020972047737,-0.5935192026789141,250123
-1.2280811460838679,0.5825033701308288,-0.5642619624731064,1.7674024273509943,-0.5935192026789141,765079
0.008034753346296003,-0.22008164935783517,-0.5642619624731064,1.7674024273509943,-0.5935192026789141,477894
1.2441506527764599,0.005691469459738003,-0.5642619624731064,-0.5658020972047737,-0.5935192026789141,531018
-1.2280811460838679,-0.1889592634362652,-0.5642619624731064,1.7674024273509943,-0.5935192026789141,257358
1.2441506527764599,-0.7316219127220924,-0.5642619624731064,-0.5658020972047737,-0.5935192026789141,866015
-1.2280811460838679,-0.8381675770441152,-0.5642619624731064,1.7674024273509943,-0.5935192026789141,566456
-1.2280811460838679,-0.5718034162390582,-0.5642619624731064,1.7674024273509943,1.684865452518453,189148
-1.2280811460838679,-0.5628625213309164,-0.5642619624731064,-0.5658020972047737,-0.5935192026789141,985510
0.008034753346296003,-0.9837830894282783,-0.5642619624731064,-0.5658020972047737,-0.5935192026789141,196123
1.2441506527764599,-0.5278440162740278,-0.5642619624731064,1.7674024273509943,-0.5935192026789141,447530
1.2441506527764599,-0.8210308618035101,-0.5642619624731064,1.7674024273509943,-0.5935192026789141,602958
1.2441506527764599,-0.026595095486329583,-0.5642619624731064,-0.5658020972047737,-0.5935192026789141,543973
-1.2280811460838679,0.3487362220117053,-0.5642619624731064,-0.5658020972047737,1.684865452518453,961352
0.008034753346296003,-0.31065477746375053,-0.5642619624731064,-0.5658020972047737,-0.5935192026789141,60236
-1.2280811460838679,-0.3974559655302936,-0.5642619624731064,1.7674024273509943,-0.5935192026789141,85568
1.2441506527764599,1.8388853733686676,-0.5642619624731064,1.7674024273509943,-0.5935192026789141,681615
0.008034753346296003,-0.9897902531946862,-0.5642619624731064,1.7674024273509943,-0.5935192026789141,305745
0.008034753346296003,1.870551042835003,-0.5642619624731064,-0.5658020972047737,-0.5935192026789141,422332
0.008034753346296003,-0.103896582712972,-0.5642619624731064,1.7674024273509943,-0.5935192026789141,535119
1.2441506527764599,0.14384071370012297,-0.5642619624731064,-0.5658020972047737,-0.5935192026789141,328496
0.008034753346296003,1.6181570303239177,1.7722264949724689,-0.5658020972047737,1.684865452518453,700009
0.008034753346296003,0.34361383430391573,-0.5642619624731064,-0.5658020972047737,1.684865452518453,309291
-1.2280811460838679,0.14290937048052488,-0.5642619624731064,-0.5658020972047737,-0.5935192026789141,488866
-1.2280811460838679,-0.5395789408409638,-0.5642619624731064,1.7674024273509943,-0.5935192026789141,453562
0.008034753346296003,-0.6987920642312593,-0.5642619624731064,-0.5658020972047737,-0.5935192026789141,730516
0.008034753346296003,-0.2929592562913866,1.7722264949724689,-0.5658020972047737,-0.5935192026789141,105904
-1.2280811460838679,3.459422575469364,-0.5642619624731064,-0.5658020972047737,-0.5935192026789141,981539
-1.2280811460838679,-0.948935330628316,-0.5642619624731064,1.7674024273509943,-0.5935192026789141,958573
-1.2280811460838679,-0.094583150516991,1.7722264949724689,-0.5658020972047737,-0.5935192026789141,328252
1.2441506527764599,-0.6142726670527316,1.7722264949724689,-0.5658020972047737,1.684865452518453,572247
1.2441506527764599,-1.0885126344720848,-0.5642619624731064,1.7674024273509943,-0.5935192026789141,839285
-1.2280811460838679,-0.5554117755741316,-0.5642619624731064,1.7674024273509943,-0.5935192026789141,396300
0.008034753346296003,-0.7806726556209258,-0.5642619624731064,1.7674024273509943,-0.5935192026789141,316320
-1.2280811460838679,-0.8305771298043907,-0.5642619624731064,-0.5658020972047737,1.684865452518453,674747
1.2441506527764599,0.9811182681188162,-0.5642619624731064,-0.5658020972047737,-0.5935192026789141,469136
0.008034753346296003,-0.2577544825905784,-0.5642619624731064,-0.5658020972047737,-0.5935192026789141,235922
1.2441506527764599,-0.054535392074272625,-0.5642619624731064,-0.5658020972047737,-0.5935192026789141,187901
0.008034753346296003,-0.5562965516327498,-0.5642619624731064,-0.5658020972047737,1.684865452518453,173225
1.2441506527764599,-1.0149830872848147,-0.5642619624731064,1.7674024273509943,-0.5935192026789141,543406
0.008034753346296003,-0.09877419500518245,-0.5642619624731064,1.7674024273509943,-0.5935192026789141,810135
0.008034753346296003,-0.15302493754677185,-0.5642619624731064,-0.5658020972047737,-0.5935192026789141,271738
0.008034753346296003,-0.13556225217930745,-0.5642619624731064,-0.5658020972047737,-0.5935192026789141,954890
0.008034753346296003,-0.7860123567466215,-0.5642619624731064,-0.5658020972047737,-0.5935192026789141,685181
1.2441506527764599,-0.3600159681024499,1.7722264949724689,-0.5658020972047737,-0.5935192026789141,910359
1.2441506527764599,-0.948159211278651,-0.5642619624731064,-0.5658020972047737,1.684865452518453,528076
0.008034753346296003,-0.7716696711648108,-0.5642619624731064,-0.5658020972047737,1.684865452518453,954610
0.008034753346296003,-0.7623562389688298,1.7722264949724689,-0.5658020972047737,-0.5935192026789141,292726
1.2441506527764599,-0.407204024562087,-0.5642619624731064,1.7674024273509943,-0.5935192026789141,352811
0.008034753346296003,1.8491301487842466,-0.5642619624731064,1.7674024273509943,-0.5935192026789141,771202
0.008034753346296003,0.8358287258615124,-0.5642619624731064,-0.5658020972047737,-0.5935192026789141,479059
0.008034753346296003,0.6421093361851072,-0.5642619624731064,-0.5658020972047737,-0.5935192026789141,756168
-1.2280811460838679,0.7426944039017022,-0.5642619624731064,-0.5658020972047737,-0.5935192026789141,473759
0.008034753346296003,1.8193271657571075,-0.5642619624731064,1.7674024273509943,1.684865452518453,515996
-1.2280811460838679,-0.3119586579711878,-0.5642619624731064,-0.5658020972047737,-0.5935192026789141,56611
0.008034753346296003,-0.590057743343181,-0.5642619624731064,1.7674024273509943,-0.5935192026789141,400386
1.2441506527764599,0.9801869248992181,-0.5642619624731064,1.7674024273509943,-0.5935192026789141,921044
-1.2280811460838679,-0.8058189225500745,-0.5642619624731064,-0.5658020972047737,-0.5935192026789141,883334
-1.2280811460838679,-0.462153274518375,1.7722264949724689,-0.5658020972047737,-0.5935192026789141,821812
0.008034753346296003,-0.5823741617814966,-0.5642619624731064,-0.5658020972047737,-0.5935192026789141,345187
0.008034753346296003,0.6416436645753082,-0.5642619624731064,-0.5658020972047737,-0.5935192026789141,186343
-1.2280811460838679,0.7482824632192908,-0.5642619624731064,-0.5658020972047737,1.684865452518453,909299
1.2441506527764599,-0.4857473027481936,-0.5642619624731064,-0.5658020972047737,-0.5935192026789141,389233
1.2441506527764599,-0.9648302549094571,-0.5642619624731064,1.7674024273509943,1.684865452518453,895177
0.008034753346296003,-0.6869174381813835,-0.5642619624731064,-0.5658020972047737,-0.5935192026789141,540092
1.2441506527764599,-0.0005174853375827441,-0.5642619624731064,-0.5658020972047737,-0.5935192026789141,240191
1.2441506527764599,0.20189444105507123,1.7722264949724689,-0.5658020972047737,-0.5935192026789141,716933
0.008034753346296003,0.3263839847413509,-0.5642619624731064,-0.5658020972047737,1.684865452518453,726769
1.2441506527764599,-0.7206320627308348,-0.5642619624731064,-0.5658020972047737,-0.5935192026789141,922402
0.008034753346296003,-0.8161413099006201,1.7722264949724689,-0.5658020972047737,-0.5935192026789141,336608
-1.2280811460838679,-0.498786107822567,-0.5642619624731064,-0.5658020972047737,-0.5935192026789141,299220
0.008034753346296003,-1.0179168184265488,-0.5642619624731064,-0.5658020972047737,-0.5935192026789141,486056
-1.2280811460838679,-0.5244911806834747,-0.5642619624731064,-0.5658020972047737,1.684865452518453,692811
-1.2280811460838679,1.0034705053891706,-0.5642619624731064,1.7674024273509943,-0.5935192026789141,594950
1.2441506527764599,1.9031480555209366,-0.5642619624731064,-0.5658020972047737,-0.5935192026789141,854660
1.2441506527764599,0.01935117001384335,1.7722264949724689,-0.5658020972047737,1.684865452518453,635009
1.2441506527764599,-0.30366970331676474,1.7722264949724689,-0.5658020972047737,-0.5935192026789141,712746
0.008034753346296003,-0.7753950440432031,1.7722264949724689,-0.5658020972047737,-0.5935192026789141,843294
1.2441506527764599,2.990025592791921,-0.5642619624731064,-0.5658020972047737,1.684865452518453,614396
-1.2280811460838679,0.03766758666593942,-0.5642619624731064,-0.5658020972047737,-0.5935192026789141,141788
1.2441506527764599,-0.6897114678401778,-0.5642619624731064,-0.5658020972047737,-0.5935192026789141,518239
1.2441506527764599,-0.8426380244981861,-0.5642619624731064,1.7674024273509943,1.684865452518453,294437
0.008034753346296003,0.5471123277861009,-0.5642619624731064,-0.5658020972047737,-0.5935192026789141,811299
0.008034753346296003,0.2053093661935977,-0.5642619624731064,-0.5658020972047737,1.684865452518453,916572
-1.2280811460838679,-0.4019264129843645,-0.5642619624731064,-0.5658020972047737,-0.5935192026789141,732561
0.008034753346296003,0.5219660608569522,-0.5642619624731064,-0.5658020972047737,-0.5935192026789141,905010
1.2441506527764599,3.328103181506032,-0.5642619624731064,-0.5658020972047737,-0.5935192026789141,99966
0.008034753346296003,-0.2964983605258593,-0.5642619624731064,1.7674024273509943,-0.5935192026789141,235846
-1.2280811460838679,0.5471123277861009,-0.5642619624731064,-0.5658020972047737,-0.5935192026789141,322530
1.2441506527764599,2.2412256442350476,-0.5642619624731064,-0.5658020972047737,-0.5935192026789141,651516
-1.2280811460838679,1.264246606876639,1.7722264949724689,-0.5658020972047737,1.684865452518453,196297
0.008034753346296003,-0.6841234085225892,1.7722264949724689,-0.5658020972047737,1.684865452518453,459909
0.008034753346296003,-0.9855681639325081,1.7722264949724689,-0.5658020972047737,-0.5935192026789141,384341
-1.2280811460838679,0.04977504852071473,-0.5642619624731064,1.7674024273509943,-0.5935192026789141,93021
1.2441506527764599,1.9199122334737024,-0.5642619624731064,-0.5658020972047737,-0.5935192026789141,431059
0.008034753346296003,-0.4235335756790405,-0.5642619624731064,1.7674024273509943,-0.5935192026789141,199333
0.008034753346296003,-0.08713240476020617,-0.5642619624731064,-0.5658020972047737,1.684865452518453,470594
1.2441506527764599,0.26460488450801023,-0.5642619624731064,-0.5658020972047737,1.684865452518453,953606
0.008034753346296003,-0.223108514821529,-0.5642619624731064,-0.5658020972047737,1.684865452518453,826934
-1.2280811460838679,-0.2892338834129942,1.7722264949724689,-0.5658020972047737,-0.5935192026789141,136755
0.008034753346296003,-0.37901536978225114,-0.5642619624731064,-0.5658020972047737,-0.5935192026789141,979441
0.008034753346296003,3.136246478268823,-0.5642619624731064,-0.5658020972047737,-0.5935192026789141,116330
1.2441506527764599,-0.17677418964652344,-0.5642619624731064,-0.5658020972047737,1.684865452518453,752726
-1.2280811460838679,0.226730260244354,-0.5642619624731064,1.7674024273509943,-0.5935192026789141,908754
1.2441506527764599,-0.6231204276389135,-0.5642619624731064,-0.5658020972047737,-0.5935192026789141,938750
0.008034753346296003,-0.94862488288845,-0.5642619624731064,-0.5658020972047737,1.684865452518453,619601
0.008034753346296003,-0.44849357396426953,-0.5642619624731064,-0.5658020972047737,-0.5935192026789141,284729
1.2441506527764599,-0.9227335413836228,-0.5642619624731064,-0.5658020972047737,-0.5935192026789141,807071
1.2441506527764599,-0.029621960950023413,-0.5642619624731064,1.7674024273509943,-0.5935192026789141,339176
1.2441506527764599,-0.5412553586362404,-0.5642619624731064,1.7674024273509943,1.684865452518453,535179
-1.2280811460838679,0.8833272300610155,-0.5642619624731064,1.7674024273509943,-0.5935192026789141,198430
0.008034753346296003,-1.0380338319698676,-0.5642619624731064,-0.5658020972047737,1.684865452518453,898142
1.2441506527764599,0.5703959082760535,1.7722264949724689,-0.5658020972047737,-0.5935192026789141,407470
0.008034753346296003,-0.6275443079320046,1.7722264949724689,-0.5658020972047737,-0.5935192026789141,398301
-1.2280811460838679,0.5703959082760535,1.7722264949724689,-0.5658020972047737,-0.5935192026789141,492037
-1.2280811460838679,-0.9661341354168943,-0.5642619624731064,-0.5658020972047737,1.684865452518453,78365
-1.2280811460838679,3.182813639248728,-0.5642619624731064,-0.5658020972047737,-0.5935192026789141,325333
-1.2280811460838679,-0.8197890708440461,1.7722264949724689,-0.5658020972047737,-0.5935192026789141,519965
0.008034753346296003,-0.7234260923896292,1.7722264949724689,-0.5658020972047737,-0.5935192026789141,581536
-1.2280811460838679,3.1530106562215887,1.7722264949724689,-0.5658020972047737,-0.5935192026789141,54369
-1.2280811460838679,-0.3399920888810907,-0.5642619624731064,-0.5658020972047737,-0.5935192026789141,506979
1.2441506527764599,0.8656317088886516,1.7722264949724689,-0.5658020972047737,-0.5935192026789141,975554
-1.2280811460838679,-0.7069413174027427,1.7722264949724689,-0.5658020972047737,-0.5935192026789141,865037
1.2441506527764599,0.16386459292148217,-0.5642619624731064,-0.5658020972047737,1.684865452518453,886048
-1.2280811460838679,-0.34115626790558834,-0.5642619624731064,-0.5658020972047737,1.684865452518453,497695
-1.2280811460838679,1.6973212039897563,-0.5642619624731064,1.7674024273509943,-0.5935192026789141,415863
1.2441506527764599,-0.608684607735143,1.7722264949724689,-0.5658020972047737,-0.5935192026789141,221955
-1.2280811460838679,-0.1341652373499103,-0.5642619624731064,1.7674024273509943,-0.5935192026789141,607343
0.008034753346296003,-0.6625162458279132,-0.5642619624731064,-0.5658020972047737,-0.5935192026789141,774091
0.008034753346296003,-0.3261771644570522,-0.5642619624731064,-0.5658020972047737,1.684865452518453,428824
-1.2280811460838679,-0.5346428217770939,1.7722264949724689,-0.5658020972047737,1.684865452518453,319594
0.008034753346296003,-0.08852941958960334,-0.5642619624731064,-0.5658020972047737,-0.5935192026789141,183997
1.2441506527764599,1.962754021575215,-0.5642619624731064,-0.5658020972047737,-0.5935192026789141,523267
-1.2280811460838679,3.1409031943668135,-0.5642619624731064,1.7674024273509943,-0.5935192026789141,100272
-1.2280811460838679,-0.21845179872353848,-0.5642619624731064,1.7674024273509943,-0.5935192026789141,55310
1.2441506527764599,1.1133690053017467,-0.5642619624731064,1.7674024273509943,-0.5935192026789141,81817
1.2441506527764599,-0.3901293988694552,-0.5642619624731064,1.7674024273509943,1.684865452518453,558350
1.2441506527764599,0.4707421837790566,-0.5642619624731064,-0.5658020972047737,1.684865452518453,536160
-1.2280811460838679,0.3375601033765281,1.7722264949724689,-0.5658020972047737,-0.5935192026789141,487744
1.2441506527764599,-1.033935921803636,1.7722264949724689,-0.5658020972047737,-0.5935192026789141,790176
1.2441506527764599,-0.12345479032453213,-0.5642619624731064,1.7674024273509943,-0.5935192026789141,132641
0.008034753346296003,-0.9248756307886984,1.7722264949724689,-0.5658020972047737,-0.5935192026789141,789443
0.008034753346296003,-0.7060099741831446,-0.5642619624731064,1.7674024273509943,-0.5935192026789141,781670
-1.2280811460838679,0.25187652717350273,-0.5642619624731064,1.7674024273509943,1.684865452518453,589745
0.008034753346296003,-0.36839805707883283,-0.5642619624731064,-0.5658020972047737,-0.5935192026789141,92311
0.008034753346296003,-0.47792401970356957,-0.5642619624731064,-0.5658020972047737,1.684865452518453,971484
1.2441506527764599,-0.7809831033607918,-0.5642619624731064,-0.5658020972047737,-0.5935192026789141,201958
1.2441506527764599,-0.18399209959840873,-0.5642619624731064,1.7674024273509943,-0.5935192026789141,520328
0.008034753346296003,-0.7431084790971355,-0.5642619624731064,-0.5658020972047737,-0.5935192026789141,494093
0.008034753346296003,1.8873152207877688,1.7722264949724689,-0.5658020972047737,-0.5935192026789141,697861
0.008034753346296003,0.7082347047765725,-0.5642619624731064,1.7674024273509943,-0.5935192026789141,409571
-1.2280811460838679,-0.28806970438849655,-0.5642619624731064,-0.5658020972047737,1.684865452518453,872613
-1.2280811460838679,-0.43638611210949424,1.7722264949724689,-0.5658020972047737,1.684865452518453,214334
-1.2280811460838679,-0.34837417785747365,-0.5642619624731064,-0.5658020972047737,-0.5935192026789141,968451
0.008034753346296003,-0.3839204440721345,-0.5642619624731064,-0.5658020972047737,-0.5935192026789141,443238
0.008034753346296003,-0.9573795091526722,-0.5642619624731064,-0.5658020972047737,-0.5935192026789141,837560
-1.2280811460838679,-0.45594431972105437,-0.5642619624731064,-0.5658020972047737,-0.5935192026789141,653810
-1.2280811460838679,-0.7221222118821917,-0.5642619624731064,1.7674024273509943,-0.5935192026789141,213394
0.008034753346296003,-0.6257592334277748,-0.5642619624731064,-0.5658020972047737,1.684865452518453,98929
1.2441506527764599,-0.8922786181027649,-0.5642619624731064,-0.5658020972047737,-0.5935192026789141,655984
-1.2280811460838679,2.631458453246652,-0.5642619624731064,-0.5658020972047737,1.684865452518453,427389
0.008034753346296003,2.339948025512446,1.7722264949724689,-0.5658020972047737,-0.5935192026789141,846240
0.008034753346296003,-0.6936696765234698,-0.5642619624731064,-0.5658020972047737,-0.5935192026789141,669436
1.2441506527764599,-1.0076099534629963,-0.5642619624731064,1.7674024273509943,-0.5935192026789141,496098
0.008034753346296003,-0.9560756286452349,-0.5642619624731064,1.7674024273509943,1.684865452518453,858157
0.008034753346296003,1.290324217025386,-0.5642619624731064,-0.5658020972047737,1.684865452518453,384678
-1.2280811460838679,-0.8724410075253254,-0.5642619624731064,-0.5658020972047737,-0.5935192026789141,352094
-1.2280811460838679,0.05443176461870524,-0.5642619624731064,-0.5658020972047737,-0.5935192026789141,794314
1.2441506527764599,-0.3067431359414385,-0.5642619624731064,1.7674024273509943,-0.5935192026789141,133576
1.2441506527764599,-0.8120899668953683,-0.5642619624731064,-0.5658020972047737,-0.5935192026789141,70557
0.008034753346296003,3.014240516501472,-0.5642619624731064,-0.5658020972047737,-0.5935192026789141,596113
-1.2280811460838679,1.584628674418386,1.7722264949724689,-0.5658020972047737,-0.5935192026789141,321142
1.2441506527764599,1.759721199702829,-0.5642619624731064,-0.5658020972047737,-0.5935192026789141,86080
1.2441506527764599,-0.4291682021576089,-0.5642619624731064,1.7674024273509943,-0.5935192026789141,833103
1.2441506527764599,-0.7621699703249101,-0.5642619624731064,-0.5658020972047737,-0.5935192026789141,238869
0.008034753346296003,0.06281385359508815,-0.5642619624731064,-0.5658020972047737,1.684865452518453,721162
-1.2280811460838679,-0.03078613997452104,-0.5642619624731064,-0.5658020972047737,-0.5935192026789141,978671
1.2441506527764599,-0.51694730060473,-0.5642619624731064,1.7674024273509943,1.684865452518453,543844
-1.2280811460838679,-0.756147284171509,-0.5642619624731064,1.7674024273509943,1.684865452518453,616695
1.2441506527764599,-0.3801329816457689,1.7722264949724689,-0.5658020972047737,-0.5935192026789141,170283
1.2441506527764599,2.493619656746133,-0.5642619624731064,1.7674024273509943,-0.5935192026789141,63338
-1.2280811460838679,-0.8458045914448197,1.7722264949724689,-0.5658020972047737,-0.5935192026789141,650577
-1.2280811460838679,-0.2706070190210322,-0.5642619624731064,-0.5658020972047737,-0.5935192026789141,514736
-1.2280811460838679,-0.4361532763045947,-0.5642619624731064,1.7674024273509943,-0.5935192026789141,724255
0.008034753346296003,-0.5257950611909119,-0.5642619624731064,-0.5658020972047737,-0.5935192026789141,228982
1.2441506527764599,-0.1434786695458913,-0.5642619624731064,-0.5658020972047737,-0.5935192026789141,967461
0.008034753346296003,-0.5298308818091705,-0.5642619624731064,-0.5658020972047737,-0.5935192026789141,159367
-1.2280811460838679,-0.23242194701751,-0.5642619624731064,-0.5658020972047737,-0.5935192026789141,378042
1.2441506527764599,-0.27037418321613266,-0.5642619624731064,-0.5658020972047737,-0.5935192026789141,970958
0.008034753346296003,-0.2480219459457782,-0.5642619624731064,-0.5658020972047737,-0.5935192026789141,691774
1.2441506527764599,1.5147779329485282,-0.5642619624731064,-0.5658020972047737,-0.5935192026789141,398684
0.008034753346296003,0.1314228041054817,-0.5642619624731064,1.7674024273509943,-0.5935192026789141,544775
-1.2280811460838679,0.38598995079562937,-0.5642619624731064,-0.5658020972047737,1.684865452518453,788497
0.008034753346296003,-0.6679801260495554,1.7722264949724689,-0.5658020972047737,-0.5935192026789141,493853
1.2441506527764599,-0.4922667052853803,-0.5642619624731064,1.7674024273509943,-0.5935192026789141,830343
1.2441506527764599,-0.4638607370876382,-0.5642619624731064,-0.5658020972047737,1.684865452518453,710709
1.2441506527764599,-0.8194010111692135,1.7722264949724689,-0.5658020972047737,-0.5935192026789141,961848
1.2441506527764599,3.3094763171140698,-0.5642619624731064,-0.5658020972047737,-0.5935192026789141,876395
-1.2280811460838679,0.25793025810089043,1.7722264949724689,-0.5658020972047737,-0.5935192026789141,450966
0.008034753346296003,-0.8529293670747451,-0.5642619624731064,1.7674024273509943,-0.5935192026789141,407073
-1.2280811460838679,-1.0892577090477633,1.7722264949724689,-0.5658020972047737,-0.5935192026789141,727823
-1.2280811460838679,-0.9581711508893306,-0.5642619624731064,1.7674024273509943,1.684865452518453,649223
-1.2280811460838679,-0.3134488071225448,-0.5642619624731064,-0.5658020972047737,-0.5935192026789141,764152
1.2441506527764599,-0.7148577347693266,1.7722264949724689,-0.5658020972047737,-0.5935192026789141,850118
1.2441506527764599,-0.11693538778734543,-0.5642619624731064,-0.5658020972047737,1.684865452518453,549555
1.2441506527764599,-1.0396636826041645,-0.5642619624731064,-0.5658020972047737,-0.5935192026789141,113528
0.008034753346296003,-0.11910852196640759,-0.5642619624731064,-0.5658020972047737,-0.5935192026789141,674099
1.2441506527764599,-0.61501774162841,1.7722264949724689,-0.5658020972047737,-0.5935192026789141,558907
0.008034753346296003,1.0467779651004823,-0.5642619624731064,-0.5658020972047737,-0.5935192026789141,334931
1.2441506527764599,-0.8699263808324105,-0.5642619624731064,1.7674024273509943,-0.5935192026789141,982280
1.2441506527764599,0.3356974169373319,1.7722264949724689,-0.5658020972047737,-0.5935192026789141,427757
-1.2280811460838679,-0.8012398183870505,1.7722264949724689,-0.5658020972047737,1.684865452518453,762787
-1.2280811460838679,-0.4661890951366335,-0.5642619624731064,-0.5658020972047737,-0.5935192026789141,834429
-1.2280811460838679,-0.8036457883710122,-0.5642619624731064,1.7674024273509943,-0.5935192026789141,154887
0.008034753346296003,-0.9585592105641632,-0.5642619624731064,1.7674024273509943,1.684865452518453,111086
0.008034753346296003,0.27826458506211554,-0.5642619624731064,1.7674024273509943,-0.5935192026789141,938663
1.2441506527764599,1.189739149308791,1.7722264949724689,-0.5658020972047737,1.684865452518453,305494
0.008034753346296003,3.394228550097497,-0.5642619624731064,-0.5658020972047737,-0.5935192026789141,558889
1.2441506527764599,-0.7971884753817987,1.7722264949724689,-0.5658020972047737,-0.5935192026789141,637596
0.008034753346296003,-0.09923986661498149,1.7722264949724689,-0.5658020972047737,-0.5935192026789141,327941
0.008034753346296003,-0.6205592337850188,-0.5642619624731064,-0.5658020972047737,-0.5935192026789141,317446
0.008034753346296003,-0.08107867383281851,-0.5642619624731064,-0.5658020972047737,-0.5935192026789141,506388
-1.2280811460838679,1.1692495984776328,-0.5642619624731064,1.7674024273509943,-0.5935192026789141,612347
0.008034753346296003,-0.19516821823358593,-0.5642619624731064,-0.5658020972047737,-0.5935192026789141,181980
-1.2280811460838679,0.12148847642976855,1.7722264949724689,-0.5658020972047737,-0.5935192026789141,765612
-1.2280811460838679,-0.7103872873152557,-0.5642619624731064,-0.5658020972047737,-0.5935192026789141,523875
0.008034753346296003,-0.9462965248394548,-0.5642619624731064,1.7674024273509943,-0.5935192026789141,193949
1.2441506527764599,-1.0417592048482602,-0.5642619624731064,1.7674024273509943,-0.5935192026789141,326383
1.2441506527764599,-0.50872043549828,1.7722264949724689,-0.5658020972047737,1.684865452518453,77313
1.2441506527764599,-0.3392159695314256,-0.5642619624731064,1.7674024273509943,-0.5935192026789141,92103
0.008034753346296003,-0.388577160170125,-0.5642619624731064,1.7674024273509943,-0.5935192026789141,229480
1.2441506527764599,-0.3985735773938113,-0.5642619624731064,-0.5658020972047737,-0.5935192026789141,526467
-1.2280811460838679,-0.6899443036450773,-0.5642619624731064,-0.5658020972047737,-0.5935192026789141,138771
1.2441506527764599,-0.80147265419195,-0.5642619624731064,-0.5658020972047737,-0.5935192026789141,176228
0.008034753346296003,-0.6114786373939373,-0.5642619624731064,-0.5658020972047737,1.684865452518453,141665
1.2441506527764599,-0.29047567437245836,-0.5642619624731064,-0.5658020972047737,-0.5935192026789141,846966
-1.2280811460838679,-0.14891150499354683,-0.5642619624731064,-0.5658020972047737,1.684865452518453,879492
0.008034753346296003,0.364569056744873,-0.5642619624731064,1.7674024273509943,-0.5935192026789141,853621
1.2441506527764599,-0.4090667110012832,-0.5642619624731064,-0.5658020972047737,-0.5935192026789141,964863
0.008034753346296003,0.4269690524579458,-0.5642619624731064,1.7674024273509943,1.684865452518453,660355
0.008034753346296003,-0.39540701044717774,1.7722264949724689,-0.5658020972047737,-0.5935192026789141,847399
0.008034753346296003,-0.4401114849878866,-0.5642619624731064,-0.5658020972047737,-0.5935192026789141,787351
1.2441506527764599,-0.40527924857491765,-0.5642619624731064,-0.5658020972047737,-0.5935192026789141,901995
0.008034753346296003,-0.4298667095723075,-0.5642619624731064,1.7674024273509943,-0.5935192026789141,320804
1.2441506527764599,-0.7914141474202905,-0.5642619624731064,1.7674024273509943,-0.5935192026789141,430815
-1.2280811460838679,0.924772003333131,-0.5642619624731064,-0.5658020972047737,1.684865452518453,534091
1.2441506527764599,-1.0464159209462507,-0.5642619624731064,-0.5658020972047737,-0.5935192026789141,179909
-1.2280811460838679,-0.7234260923896292,-0.5642619624731064,-0.5658020972047737,-0.5935192026789141,483039
1.2441506527764599,1.1119719904723495,-0.5642619624731064,-0.5658020972047737,1.684865452518453,499058
0.008034753346296003,-0.6226547560291145,1.7722264949724689,-0.5658020972047737,1.684865452518453,190688
1.2441506527764599,-1.020338310797504,-0.5642619624731064,-0.5658020972047737,-0.5935192026789141,125976
0.008034753346296003,0.06778101743294462,-0.5642619624731064,1.7674024273509943,-0.5935192026789141,807496
-1.2280811460838679,-0.45338312586715956,1.7722264949724689,-0.5658020972047737,-0.5935192026789141,229810
1.2441506527764599,-0.21938314194313657,1.7722264949724689,-0.5658020972047737,1.684865452518453,325251
0.008034753346296003,-0.470845811234624,1.7722264949724689,-0.5658020972047737,-0.5935192026789141,766764
-1.2280811460838679,2.440533093229041,-0.5642619624731064,-0.5658020972047737,-0.5935192026789141,668470
-1.2280811460838679,2.04378088168025,-0.5642619624731064,-0.5658020972047737,-0.5935192026789141,817441
1.2441506527764599,-0.4116123824681847,1.7722264949724689,-0.5658020972047737,1.684865452518453,928219
-1.2280811460838679,-0.37305477317682334,-0.5642619624731064,-0.5658020972047737,-0.5935192026789141,852386
0.008034753346296003,-0.7573890751309733,-0.5642619624731064,-0.5658020972047737,-0.5935192026789141,329087
-1.2280811460838679,-0.7753950440432031,1.7722264949724689,-0.5658020972047737,-0.5935192026789141,90725
-1.2280811460838679,0.5061332261237844,1.7722264949724689,-0.5658020972047737,-0.5935192026789141,881866
0.008034753346296003,-0.5503825221883019,-0.5642619624731064,1.7674024273509943,1.684865452518453,922183
-1.2280811460838679,-1.0489771148001454,1.7722264949724689,-0.5658020972047737,-0.5935192026789141,584398
-1.2280811460838679,-0.6019789365540367,-0.5642619624731064,1.7674024273509943,-0.5935192026789141,548864
-1.2280811460838679,-0.3028314944191265,1.7722264949724689,-0.5658020972047737,-0.5935192026789141,328606
-1.2280811460838679,-0.15884583266926,1.7722264949724689,-0.5658020972047737,-0.5935192026789141,391376
0.008034753346296003,0.2742287644438572,-0.5642619624731064,-0.5658020972047737,-0.5935192026789141,759441
-1.2280811460838679,-0.6923192288550525,1.7722264949724689,-0.5658020972047737,-0.5935192026789141,496015
0.008034753346296003,0.189942203070229,1.7722264949724689,-0.5658020972047737,-0.5935192026789141,640855
-1.2280811460838679,-0.653761619563691,-0.5642619624731064,1.7674024273509943,-0.5935192026789141,532517
-1.2280811460838679,-0.7431705686451088,-0.5642619624731064,1.7674024273509943,-0.5935192026789141,756584
-1.2280811460838679,-0.6189293831507221,-0.5642619624731064,-0.5658020972047737,-0.5935192026789141,439569
-1.2280811460838679,0.08858101600396903,1.7722264949724689,-0.5658020972047737,-0.5935192026789141,892495
0.008034753346296003,0.1398048930818646,1.7722264949724689,-0.5658020972047737,-0.5935192026789141,163394
0.008034753346296003,0.06933325613227487,-0.5642619624731064,1.7674024273509943,1.684865452518453,891672
0.008034753346296003,-0.4885413324069879,-0.5642619624731064,-0.5658020972047737,-0.5935192026789141,917784
1.2441506527764599,-0.5850284899573512,-0.5642619624731064,-0.5658020972047737,-0.5935192026789141,198940
-1.2280811460838679,-0.3475980585078085,-0.5642619624731064,-0.5658020972047737,-0.5935192026789141,393133
-1.2280811460838679,-0.3693294002984309,-0.5642619624731064,1.7674024273509943,-0.5935192026789141,72222
0.008034753346296003,2.126670428224481,-0.5642619624731064,1.7674024273509943,-0.5935192026789141,129794
1.2441506527764599,-0.3389676113395328,-0.5642619624731064,-0.5658020972047737,1.684865452518453,638212
-1.2280811460838679,-0.6019323693930567,-0.5642619624731064,-0.5658020972047737,-0.5935192026789141,674142
0.008034753346296003,-0.40341656213572147,1.7722264949724689,-0.5658020972047737,-0.5935192026789141,914945
-1.2280811460838679,-0.5660756554385299,-0.5642619624731064,1.7674024273509943,-0.5935192026789141,834326
-1.2280811460838679,0.2192795144875692,-0.5642619624731064,1.7674024273509943,-0.5935192026789141,891081
0.008034753346296003,-0.342786118539885,-0.5642619624731064,-0.5658020972047737,-0.5935192026789141,415130
0.008034753346296003,-0.416517456758068,-0.5642619624731064,-0.5658020972047737,-0.5935192026789141,818103
-1.2280811460838679,-0.5341771501672948,-0.5642619624731064,-0.5658020972047737,1.684865452518453,920181
-1.2280811460838679,-0.4554786481112553,-0.5642619624731064,1.7674024273509943,-0.5935192026789141,283127
0.008034753346296003,-0.8662941422759779,-0.5642619624731064,-0.5658020972047737,-0.5935192026789141,554434
-1.2280811460838679,-0.39633835366677583,1.7722264949724689,-0.5658020972047737,-0.5935192026789141,191295
-1.2280811460838679,-1.0013389091177025,-0.5642619624731064,-0.5658020972047737,-0.5935192026789141,229238
0.008034753346296003,-0.3665353706396366,-0.5642619624731064,-0.5658020972047737,-0.5935192026789141,89369
-1.2280811460838679,-0.7418666881376715,-0.5642619624731064,1.7674024273509943,-0.5935192026789141,922811
-1.2280811460838679,-0.9693472695245078,-0.5642619624731064,1.7674024273509943,-0.5935192026789141,905824
1.2441506527764599,-0.3438726856294161,-0.5642619624731064,-0.5658020972047737,1.684865452518453,849093
0.008034753346296003,-0.6064493840081076,-0.5642619624731064,-0.5658020972047737,1.684865452518453,720951
1.2441506527764599,0.32545264152175274,1.7722264949724689,-0.5658020972047737,-0.5935192026789141,383862
1.2441506527764599,-0.07564583838516299,1.7722264949724689,-0.5658020972047737,1.684865452518453,760595
1.2441506527764599,-0.8457114571228598,-0.5642619624731064,-0.5658020972047737,1.684865452518453,320114
-1.2280811460838679,0.13732131116293628,-0.5642619624731064,-0.5658020972047737,1.684865452518453,97922
-1.2280811460838679,1.3713510771304207,-0.5642619624731064,-0.5658020972047737,-0.5935192026789141,543614
1.2441506527764599,0.2812138385908429,-0.5642619624731064,-0.5658020972047737,1.684865452518453,867187
1.2441506527764599,-0.4515980513629299,-0.5642619624731064,-0.5658020972047737,1.684865452518453,695214
1.2441506527764599,-0.7427980313572696,-0.5642619624731064,1.7674024273509943,-0.5935192026789141,69416
-1.2280811460838679,-0.5477747611734272,-0.5642619624731064,-0.5658020972047737,-0.5935192026789141,63672
1.2441506527764599,-0.40262492039906306,-0.5642619624731064,-0.5658020972047737,-0.5935192026789141,526684
1.2441506527764599,-0.48891386969482714,-0.5642619624731064,1.7674024273509943,-0.5935192026789141,178145
0.008034753346296003,2.7460136692572186,-0.5642619624731064,-0.5658020972047737,1.684865452518453,752356
0.008034753346296003,-0.48891386969482714,1.7722264949724689,-0.5658020972047737,-0.5935192026789141,910527
-1.2280811460838679,-0.5148517783606342,1.7722264949724689,-0.5658020972047737,-0.5935192026789141,50064
0.008034753346296003,-0.13059508834145098,-0.5642619624731064,-0.5658020972047737,-0.5935192026789141,118835
0.008034753346296003,0.1379422066426684,-0.5642619624731064,1.7674024273509943,1.684865452518453,251457
0.008034753346296003,-0.3032040317069657,1.7722264949724689,-0.5658020972047737,-0.5935192026789141,973143
-1.2280811460838679,-0.9067144380065355,-0.5642619624731064,1.7674024273509943,1.684865452518453,297795
0.008034753346296003,-0.19796224789238026,-0.5642619624731064,1.7674024273509943,-0.5935192026789141,454271
-1.2280811460838679,-0.7260338534045038,1.7722264949724689,-0.5658020972047737,-0.5935192026789141,399738
1.2441506527764599,-0.8822666784920853,-0.5642619624731064,1.7674024273509943,-0.5935192026789141,996931
0.008034753346296003,-0.7485723593187779,1.7722264949724689,-0.5658020972047737,-0.5935192026789141,691204
-1.2280811460838679,-0.3711920867376271,-0.5642619624731064,-0.5658020972047737,1.684865452518453,956740
0.008034753346296003,-0.11088165685995777,-0.5642619624731064,-0.5658020972047737,-0.5935192026789141,918948
1.2441506527764599,-0.470845811234624,-0.5642619624731064,-0.5658020972047737,-0.5935192026789141,901098
-1.2280811460838679,2.0009390935787374,-0.5642619624731064,-0.5658020972047737,1.684865452518453,245346
-1.2280811460838679,-0.46223088645334154,1.7722264949724689,-0.5658020972047737,-0.5935192026789141,954726
-1.2280811460838679,2.267303254383794,1.7722264949724689,-0.5658020972047737,1.684865452518453,323010
1.2441506527764599,-0.5714308789512189,1.7722264949724689,-0.5658020972047737,-0.5935192026789141,53889
1.2441506527764599,-0.9865771190870727,1.7722264949724689,-0.5658020972047737,-0.5935192026789141,168194
1.2441506527764599,1.4700734584078194,-0.5642619624731064,-0.5658020972047737,1.684865452518453,174714
-1.2280811460838679,-0.9157174224626505,-0.5642619624731064,-0.5658020972047737,-0.5935192026789141,605623
1.2441506527764599,-0.2696756758014341,-0.5642619624731064,1.7674024273509943,-0.5935192026789141,100547
0.008034753346296003,0.10425862686720366,-0.5642619624731064,1.7674024273509943,-0.5935192026789141,207234
1.2441506527764599,-0.5574607306572474,-0.5642619624731064,-0.5658020972047737,1.684865452518453,794809
-1.2280811460838679,-0.36723387805433516,-0.5642619624731064,-0.5658020972047737,-0.5935192026789141,730047
0.008034753346296003,-0.30297119590206617,-0.5642619624731064,1.7674024273509943,1.684865452518453,935188
1.2441506527764599,-0.4922667052853803,-0.5642619624731064,-0.5658020972047737,-0.5935192026789141,323139
0.008034753346296003,-0.6852875875470869,-0.5642619624731064,-0.5658020972047737,1.684865452518453,499704
0.008034753346296003,-0.7713592234249448,-0.5642619624731064,1.7674024273509943,1.684865452518453,52631
-1.2280811460838679,1.824915225074696,1.7722264949724689,-0.5658020972047737,1.684865452518453,187039
0.008034753346296003,0.0680914651728108,1.7722264949724689,-0.5658020972047737,-0.5935192026789141,924726
0.008034753346296003,0.3537033858495618,-0.5642619624731064,-0.5658020972047737,1.684865452518453,399422
-1.2280811460838679,2.015840585092307,1.7722264949724689,-0.5658020972047737,-0.5935192026789141,638759
-1.2280811460838679,0.17519593542659245,-0.5642619624731064,-0.5658020972047737,1.684865452518453,349260
-1.2280811460838679,-0.8918129464929658,-0.5642619624731064,-0.5658020972047737,-0.5935192026789141,928548
0.008034753346296003,2.2412256442350476,-0.5642619624731064,-0.5658020972047737,-0.5935192026789141,477443
0.008034753346296003,-0.07937121126355541,-0.5642619624731064,1.7674024273509943,-0.5935192026789141,707302
0.008034753346296003,-0.9778690599838304,-0.5642619624731064,-0.5658020972047737,-0.5935192026789141,621952
-1.2280811460838679,0.042634750503795886,-0.5642619624731064,1.7674024273509943,-0.5935192026789141,733429
1.2441506527764599,0.9801869248992181,-0.5642619624731064,1.7674024273509943,-0.5935192026789141,137342
0.008034753346296003,-0.2442965730673858,-0.5642619624731064,-0.5658020972047737,1.684865452518453,64407
1.2441506527764599,0.017178035834781183,-0.5642619624731064,1.7674024273509943,1.684865452518453,163926
-1.2280811460838679,-0.2827144808758075,1.7722264949724689,-0.5658020972047737,1.684865452518453,371345
0.008034753346296003,-0.3829270113045632,-0.5642619624731064,1.7674024273509943,-0.5935192026789141,916525
1.2441506527764599,-0.4717771544542221,-0.5642619624731064,-0.5658020972047737,-0.5935192026789141,497564
0.008034753346296003,1.9469211868420473,1.7722264949724689,-0.5658020972047737,-0.5935192026789141,787341
0.008034753346296003,-0.25756821394665874,-0.5642619624731064,-0.5658020972047737,-0.5935192026789141,592166
0.008034753346296003,-0.45370909599401893,-0.5642619624731064,-0.5658020972047737,-0.5935192026789141,133100
1.2441506527764599,0.814407831810756,1.7722264949724689,-0.5658020972047737,-0.5935192026789141,915061
-1.2280811460838679,0.4046168151875914,-0.5642619624731064,-0.5658020972047737,1.684865452518453,498636
0.008034753346296003,2.1043181909541264,1.7722264949724689,-0.5658020972047737,1.684865452518453,544308
-1.2280811460838679,1.9571659622576265,-0.5642619624731064,-0.5658020972047737,-0.5935192026789141,273059
-1.2280811460838679,-0.07440404742569873,-0.5642619624731064,-0.5658020972047737,-0.5935192026789141,617456
1.2441506527764599,-0.452529394582528,1.7722264949724689,-0.5658020972047737,-0.5935192026789141,300396
1.2441506527764599,0.2202108577071673,-0.5642619624731064,-0.5658020972047737,1.684865452518453,824769
-1.2280811460838679,-0.5857735645330296,-0.5642619624731064,-0.5658020972047737,1.684865452518453,367006
0.008034753346296003,-0.4378762612608512,-0.5642619624731064,-0.5658020972047737,-0.5935192026789141,78004
1.2441506527764599,-0.8420792185664272,-0.5642619624731064,-0.5658020972047737,-0.5935192026789141,856903
0.008034753346296003,-0.856887575758037,-0.5642619624731064,-0.5658020972047737,1.684865452518453,574252
0.008034753346296003,-0.4369449180412531,-0.5642619624731064,-0.5658020972047737,1.684865452518453,666108
0.008034753346296003,0.27950637602157985,-0.5642619624731064,1.7674024273509943,-0.5935192026789141,241239
-1.2280811460838679,-0.8499025016110513,-0.5642619624731064,-0.5658020972047737,-0.5935192026789141,676517
0.008034753346296003,-0.700887586475355,-0.5642619624731064,-0.5658020972047737,-0.5935192026789141,527044
-1.2280811460838679,-0.1937712034041888,1.7722264949724689,-0.5658020972047737,-0.5935192026789141,901740
-1.2280811460838679,-0.6949269898699272,-0.5642619624731064,-0.5658020972047737,-0.5935192026789141,396113
0.008034753346296003,-0.9772636868910917,-0.5642619624731064,1.7674024273509943,-0.5935192026789141,64568
0.008034753346296003,0.5773809824230393,-0.5642619624731064,1.7674024273509943,-0.5935192026789141,583754
0.008034753346296003,-0.2761950783386208,-0.5642619624731064,1.7674024273509943,1.684865452518453,272129
0.008034753346296003,-0.8986427967700185,1.7722264949724689,-0.5658020972047737,-0.5935192026789141,631612
-1.2280811460838679,2.6351838261250444,-0.5642619624731064,-0.5658020972047737,-0.5935192026789141,938640
0.008034753346296003,-0.7319323604619583,-0.5642619624731064,-0.5658020972047737,-0.5935192026789141,196539
0.008034753346296003,-0.6540099777555839,-0.5642619624731064,-0.5658020972047737,-0.5935192026789141,650243
-1.2280811460838679,0.9680794630444428,1.7722264949724689,-0.5658020972047737,-0.5935192026789141,197748
1.2441506527764599,-0.02380106582753528,1.7722264949724689,-0.5658020972047737,-0.5935192026789141,144791
1.2441506527764599,2.6091062159762974,-0.5642619624731064,-0.5658020972047737,1.684865452518453,736874
-1.2280811460838679,0.3316615963190735,-0.5642619624731064,1.7674024273509943,-0.5935192026789141,945150
1.2441506527764599,3.154873342660785,-0.5642619624731064,1.7674024273509943,-0.5935192026789141,596938
-1.2280811460838679,-0.43522193308499657,-0.5642619624731064,-0.5658020972047737,-0.5935192026789141,400434
0.008034753346296003,1.3340973483464966,1.7722264949724689,-0.5658020972047737,-0.5935192026789141,127701
0.008034753346296003,-0.5090308832381462,1.7722264949724689,-0.5658020972047737,-0.5935192026789141,847115
1.2441506527764599,0.18202578570364514,-0.5642619624731064,-0.5658020972047737,-0.5935192026789141,279164
0.008034753346296003,-0.4509150663352246,-0.5642619624731064,-0.5658020972047737,-0.5935192026789141,503035
1.2441506527764599,-0.9620362252506628,-0.5642619624731064,-0.5658020972047737,-0.5935192026789141,655266
1.2441506527764599,-0.29985119611641253,-0.5642619624731064,1.7674024273509943,-0.5935192026789141,579148
0.008034753346296003,-0.20518015784426555,-0.5642619624731064,1.7674024273509943,-0.5935192026789141,709089
0.008034753346296003,-0.40006372654516825,-0.5642619624731064,1.7674024273509943,-0.5935192026789141,605639
1.2441506527764599,0.887983946159006,-0.5642619624731064,-0.5658020972047737,-0.5935192026789141,555920
0.008034753346296003,-0.03730554251170775,-0.5642619624731064,-0.5658020972047737,-0.5935192026789141,374888
-1.2280811460838679,-0.4717771544542221,-0.5642619624731064,-0.5658020972047737,-0.5935192026789141,729706
0.008034753346296003,-0.131371207691116,-0.5642619624731064,1.7674024273509943,-0.5935192026789141,956630
0.008034753346296003,2.273822656920981,-0.5642619624731064,1.7674024273509943,-0.5935192026789141,910587
-1.2280811460838679,-0.4899383472363851,-0.5642619624731064,-0.5658020972047737,-0.5935192026789141,171449
0.008034753346296003,-0.5402308810946825,1.7722264949724689,-0.5658020972047737,-0.5935192026789141,650988
0.008034753346296003,-0.25756821394665874,1.7722264949724689,-0.5658020972047737,1.684865452518453,809774
1.2441506527764599,-0.7328637036815564,-0.5642619624731064,1.7674024273509943,-0.5935192026789141,843387
0.008034753346296003,-0.8039562361108783,-0.5642619624731064,-0.5658020972047737,-0.5935192026789141,307571
0.008034753346296003,-0.27782492897291744,-0.5642619624731064,1.7674024273509943,1.684865452518453,513506
-1.2280811460838679,-0.7029365415584709,1.7722264949724689,-0.5658020972047737,1.684865452518453,487509
1.2441506527764599,-0.5840971467377531,-0.5642619624731064,1.7674024273509943,-0.5935192026789141,766696
1.2441506527764599,0.13545862472374007,1.7722264949724689,-0.5658020972047737,-0.5935192026789141,858094
1.2441506527764599,-0.4613461103947233,1.7722264949724689,-0.5658020972047737,-0.5935192026789141,580696
0.008034753346296003,-0.810786086387931,1.7722264949724689,-0.5658020972047737,-0.5935192026789141,745763
1.2441506527764599,-0.939621898432335,-0.5642619624731064,-0.5658020972047737,-0.5935192026789141,313369
-1.2280811460838679,0.05691534653763358,-0.5642619624731064,-0.5658020972047737,-0.5935192026789141,979700
1.2441506527764599,0.011124304907393525,-0.5642619624731064,1.7674024273509943,-0.5935192026789141,513002
-1.2280811460838679,-0.002380171776778947,1.7722264949724689,-0.5658020972047737,-0.5935192026789141,196444
1.2441506527764599,0.47307054182805186,-0.5642619624731064,-0.5658020972047737,-0.5935192026789141,831608
1.2441506527764599,1.0467779651004823,-0.5642619624731064,1.7674024273509943,-0.5935192026789141,591567
-1.2280811460838679,-0.5637472973895346,-0.5642619624731064,1.7674024273509943,-0.5935192026789141,160401
1.2441506527764599,-0.3001771662432719,-0.5642619624731064,1.7674024273509943,1.684865452518453,276801
1.2441506527764599,-0.5099622264577442,-0.5642619624731064,1.7674024273509943,-0.5935192026789141,821668
1.2441506527764599,0.6025272493521879,-0.5642619624731064,1.7674024273509943,-0.5935192026789141,553575
0.008034753346296003,0.9820496113384143,-0.5642619624731064,-0.5658020972047737,1.684865452518453,928836
-1.2280811460838679,-0.8143251906224037,1.7722264949724689,-0.5658020972047737,-0.5935192026789141,219259
1.2441506527764599,-0.6242846066634112,-0.5642619624731064,1.7674024273509943,-0.5935192026789141,297145
-1.2280811460838679,0.6565451560888779,-0.5642619624731064,-0.5658020972047737,-0.5935192026789141,360625
-1.2280811460838679,0.23356011052140668,1.7722264949724689,-0.5658020972047737,1.684865452518453,733835
-1.2280811460838679,-1.0113353263413887,-0.5642619624731064,-0.5658020972047737,-0.5935192026789141,94552
1.2441506527764599,-0.7506213144018936,-0.5642619624731064,1.7674024273509943,-0.5935192026789141,249041
1.2441506527764599,-0.445327007017636,-0.5642619624731064,-0.5658020972047737,-0.5935192026789141,257606
-1.2280811460838679,2.1499540087144333,-0.5642619624731064,-0.5658020972047737,-0.5935192026789141,804965
0.008034753346296003,0.05722579427749955,-0.5642619624731064,-0.5658020972047737,-0.5935192026789141,836157
-1.2280811460838679,3.3877091475603103,1.7722264949724689,-0.5658020972047737,-0.5935192026789141,450074
0.008034753346296003,-0.5675192374289069,1.7722264949724689,-0.5658020972047737,-0.5935192026789141,779846
-1.2280811460838679,-0.6263801289075069,-0.5642619624731064,-0.5658020972047737,-0.5935192026789141,124474
-1.2280811460838679,-1.0292792057056455,-0.5642619624731064,-0.5658020972047737,-0.5935192026789141,337312
-1.2280811460838679,-0.0005174853375827441,-0.5642619624731064,1.7674024273509943,-0.5935192026789141,606387
1.2441506527764599,-0.4755025273326145,-0.5642619624731064,1.7674024273509943,-0.5935192026789141,252252
0.008034753346296003,0.11279593971351967,-0.5642619624731064,-0.5658020972047737,1.684865452518453,814742
0.008034753346296003,2.126670428224481,-0.5642619624731064,-0.5658020972047737,-0.5935192026789141,373599
-1.2280811460838679,1.2782167551706105,-0.5642619624731064,-0.5658020972047737,1.684865452518453,628528
1.2441506527764599,0.5033391964649901,-0.5642619624731064,-0.5658020972047737,-0.5935192026789141,386940
1.2441506527764599,0.5354705375411246,-0.5642619624731064,1.7674024273509943,-0.5935192026789141,891024
0.008034753346296003,0.2313869763423445,-0.5642619624731064,1.7674024273509943,-0.5935192026789141,835034
1.2441506527764599,-0.1395204608625994,-0.5642619624731064,1.7674024273509943,-0.5935192026789141,434325
0.008034753346296003,-1.0287203997738867,-0.5642619624731064,-0.5658020972047737,-0.5935192026789141,302051
0.008034753346296003,-0.07106673422213892,-0.5642619624731064,1.7674024273509943,-0.5935192026789141,151611
0.008034753346296003,-0.5677055060728265,1.7722264949724689,-0.5658020972047737,-0.5935192026789141,632334
1.2441506527764599,-0.5113592412871414,-0.5642619624731064,-0.5658020972047737,-0.5935192026789141,824756
0.008034753346296003,-0.036607035097009175,-0.5642619624731064,1.7674024273509943,1.684865452518453,66488
0.008034753346296003,-0.8866905587851762,-0.5642619624731064,-0.5658020972047737,-0.5935192026789141,239913
-1.2280811460838679,-0.680770572932036,-0.5642619624731064,-0.5658020972047737,1.684865452518453,430665
0.008034753346296003,-0.33207567151450684,1.7722264949724689,-0.5658020972047737,1.684865452518453,967899
0.008034753346296003,-0.3000374647603322,1.7722264949724689,-0.5658020972047737,-0.5935192026789141,758029
-1.2280811460838679,0.1190048945108402,-0.5642619624731064,-0.5658020972047737,-0.5935192026789141,716205
-1.2280811460838679,0.6570108276986769,-0.5642619624731064,-0.5658020972047737,1.684865452518453,741419
1.2441506527764599,-0.8540935460992427,-0.5642619624731064,-0.5658020972047737,-0.5935192026789141,68394
0.008034753346296003,-0.34138910371048786,-0.5642619624731064,-0.5658020972047737,-0.5935192026789141,930425
1.2441506527764599,0.9946227448029886,1.7722264949724689,-0.5658020972047737,1.684865452518453,226978
1.2441506527764599,-0.7115980335007333,-0.5642619624731064,-0.5658020972047737,1.684865452518453,109332
-1.2280811460838679,-0.4320398437513698,-0.5642619624731064,-0.5658020972047737,1.684865452518453,218377
1.2441506527764599,2.629595766807456,1.7722264949724689,-0.5658020972047737,-0.5935192026789141,92628
0.008034753346296003,-0.7388398226739776,-0.5642619624731064,-0.5658020972047737,1.684865452518453,857784
-1.2280811460838679,2.2533331060898227,1.7722264949724689,-0.5658020972047737,-0.5935192026789141,529898
0.008034753346296003,3.4650106347869527,-0.5642619624731064,1.7674024273509943,-0.5935192026789141,919403
0.008034753346296003,0.7305869420469269,-0.5642619624731064,-0.5658020972047737,1.684865452518453,101993
-1.2280811460838679,-0.5760875950492095,-0.5642619624731064,-0.5658020972047737,-0.5935192026789141,220458
0.008034753346296003,-0.8519514566941672,-0.5642619624731064,-0.5658020972047737,-0.5935192026789141,939459
-1.2280811460838679,0.7152197789235583,-0.5642619624731064,1.7674024273509943,1.684865452518453,500281
0.008034753346296003,0.40042577069939994,-0.5642619624731064,-0.5658020972047737,-0.5935192026789141,956644
-1.2280811460838679,0.5741212811544458,1.7722264949724689,-0.5658020972047737,-0.5935192026789141,528720
1.2441506527764599,0.3352317453275328,-0.5642619624731064,-0.5658020972047737,-0.5935192026789141,556357
0.008034753346296003,1.777416720875193,-0.5642619624731064,1.7674024273509943,-0.5935192026789141,58539
-1.2280811460838679,-0.697907288172641,-0.5642619624731064,1.7674024273509943,-0.5935192026789141,182335
0.008034753346296003,-0.0836398676867133,-0.5642619624731064,-0.5658020972047737,-0.5935192026789141,456521
0.008034753346296003,1.860306267419424,-0.5642619624731064,-0.5658020972047737,-0.5935192026789141,890249
0.008034753346296003,-0.3538691028531024,-0.5642619624731064,-0.5658020972047737,-0.5935192026789141,991902
-1.2280811460838679,-0.3250905973675211,-0.5642619624731064,1.7674024273509943,1.684865452518453,290310
1.2441506527764599,-0.009830917533563759,1.7722264949724689,-0.5658020972047737,-0.5935192026789141,256873
1.2441506527764599,1.6786943395977942,-0.5642619624731064,1.7674024273509943,-0.5935192026789141,361251
1.2441506527764599,1.7029092633073448,1.7722264949724689,-0.5658020972047737,-0.5935192026789141,999656
-1.2280811460838679,0.2239362305855597,1.7722264949724689,-0.5658020972047737,-0.5935192026789141,536476
1.2441506527764599,-0.9548338376857708,-0.5642619624731064,-0.5658020972047737,-0.5935192026789141,998128
-1.2280811460838679,0.49681979392780345,-0.5642619624731064,1.7674024273509943,-0.5935192026789141,965672
0.008034753346296003,0.03673624344634131,1.7722264949724689,-0.5658020972047737,1.684865452518453,411799
0.008034753346296003,-0.34464880497908124,-0.5642619624731064,-0.5658020972047737,-0.5935192026789141,630420
1.2441506527764599,-0.475269691527715,1.7722264949724689,-0.5658020972047737,-0.5935192026789141,962133
-1.2280811460838679,-0.5893592359284824,-0.5642619624731064,-0.5658020972047737,-0.5935192026789141,155494
0.008034753346296003,-0.9642248818167182,-0.5642619624731064,-0.5658020972047737,-0.5935192026789141,889411
-1.2280811460838679,0.01624669261518308,-0.5642619624731064,1.7674024273509943,-0.5935192026789141,894445
-1.2280811460838679,-0.04087569152016707,-0.5642619624731064,-0.5658020972047737,-0.5935192026789141,275997
0.008034753346296003,-0.5952732653729303,1.7722264949724689,-0.5658020972047737,-0.5935192026789141,638085
-1.2280811460838679,0.15098101171704184,-0.5642619624731064,-0.5658020972047737,-0.5935192026789141,101798
0.008034753346296003,0.031148184128752705,-0.5642619624731064,1.7674024273509943,-0.5935192026789141,722010
0.008034753346296003,-1.049675622214844,-0.5642619624731064,-0.5658020972047737,1.684865452518453,469230
0.008034753346296003,-0.35287567008553117,1.7722264949724689,-0.5658020972047737,-0.5935192026789141,650709
-1.2280811460838679,-0.35927089352677144,1.7722264949724689,-0.5658020972047737,1.684865452518453,319578
0.008034753346296003,1.2279242213123132,-0.5642619624731064,1.7674024273509943,-0.5935192026789141,866460
-1.2280811460838679,-0.9318607049356842,-0.5642619624731064,1.7674024273509943,-0.5935192026789141,640846
0.008034753346296003,0.018575050664178337,-0.5642619624731064,1.7674024273509943,-0.5935192026789141,860763
0.008034753346296003,-0.7880613118297374,-0.5642619624731064,1.7674024273509943,1.684865452518453,117573
1.2441506527764599,-0.40006372654516825,1.7722264949724689,-0.5658020972047737,1.684865452518453,703761
1.2441506527764599,-0.12345479032453213,-0.5642619624731064,-0.5658020972047737,1.684865452518453,517508
1.2441506527764599,-0.38423089181200054,-0.5642619624731064,-0.5658020972047737,-0.5935192026789141,227398
-1.2280811460838679,-0.11693538778734543,-0.5642619624731064,-0.5658020972047737,1.684865452518453,395123
-1.2280811460838679,1.034670503245707,-0.5642619624731064,-0.5658020972047737,-0.5935192026789141,840555
0.008034753346296003,-0.9767514481203127,-0.5642619624731064,-0.5658020972047737,-0.5935192026789141,328747
0.008034753346296003,-1.0056230879278538,-0.5642619624731064,-0.5658020972047737,-0.5935192026789141,378085
0.008034753346296003,-0.11134732846975681,-0.5642619624731064,1.7674024273509943,-0.5935192026789141,92597
0.008034753346296003,-0.7720422084526499,1.7722264949724689,-0.5658020972047737,-0.5935192026789141,768598
-1.2280811460838679,-0.4434643205784398,1.7722264949724689,-0.5658020972047737,-0.5935192026789141,920670
0.008034753346296003,2.0475062545586424,1.7722264949724689,-0.5658020972047737,-0.5935192026789141,485935
0.008034753346296003,-0.3618786545416461,-0.5642619624731064,1.7674024273509943,-0.5935192026789141,797146
1.2441506527764599,-0.19578911371331809,1.7722264949724689,-0.5658020972047737,-0.5935192026789141,353895
0.008034753346296003,2.6621927794933895,-0.5642619624731064,1.7674024273509943,-0.5935192026789141,962894
0.008034753346296003,-0.08317419607691424,1.7722264949724689,-0.5658020972047737,-0.5935192026789141,136978
0.008034753346296003,2.1387778900792562,-0.5642619624731064,-0.5658020972047737,-0.5935192026789141,329837
-1.2280811460838679,0.5731899379348477,-0.5642619624731064,-0.5658020972047737,-0.5935192026789141,532757
1.2441506527764599,-0.3868386528268752,-0.5642619624731064,-0.5658020972047737,-0.5935192026789141,218769
0.008034753346296003,-0.3995980549353692,-0.5642619624731064,1.7674024273509943,-0.5935192026789141,406668
0.008034753346296003,0.01593624487531712,1.7722264949724689,-0.5658020972047737,1.684865452518453,410013
1.2441506527764599,0.2521869749133687,-0.5642619624731064,-0.5658020972047737,-0.5935192026789141,735352
0.008034753346296003,-1.032445772652279,-0.5642619624731064,-0.5658020972047737,-0.5935192026789141,375969
-1.2280811460838679,-0.37305477317682334,-0.5642619624731064,-0.5658020972047737,-0.5935192026789141,714882
0.008034753346296003,0.007864603638800169,-0.5642619624731064,-0.5658020972047737,-0.5935192026789141,442619
-1.2280811460838679,0.34035413303532236,-0.5642619624731064,1.7674024273509943,-0.5935192026789141,881838
-1.2280811460838679,-1.055543084498312,-0.5642619624731064,1.7674024273509943,-0.5935192026789141,288078
0.008034753346296003,-0.40239208459416353,1.7722264949724689,-0.5658020972047737,1.684865452518453,290140
1.2441506527764599,0.44652726006950594,-0.5642619624731064,-0.5658020972047737,1.684865452518453,717481
-1.2280811460838679,-0.6142726670527316,1.7722264949724689,-0.5658020972047737,-0.5935192026789141,697659
1.2441506527764599,1.0020734905597735,1.7722264949724689,-0.5658020972047737,-0.5935192026789141,457435
0.008034753346296003,0.26025861614988566,-0.5642619624731064,-0.5658020972047737,-0.5935192026789141,838049
-1.2280811460838679,-0.43568760469479567,1.7722264949724689,-0.5658020972047737,1.684865452518453,93016
0.008034753346296003,0.9447958825544902,-0.5642619624731064,-0.5658020972047737,-0.5935192026789141,493888
1.2441506527764599,-0.8922786181027649,-0.5642619624731064,1.7674024273509943,1.684865452518453,336420
0.008034753346296003,0.9233749885037339,1.7722264949724689,-0.5658020972047737,1.684865452518453,805247
0.008034753346296003,-0.3600159681024499,-0.5642619624731064,-0.5658020972047737,-0.5935192026789141,384384
-1.2280811460838679,1.12640781037612,-0.5642619624731064,1.7674024273509943,1.684865452518453,942724
0.008034753346296003,-1.000593834542024,-0.5642619624731064,1.7674024273509943,-0.5935192026789141,236807
0.008034753346296003,-1.0616899497476595,1.7722264949724689,-0.5658020972047737,-0.5935192026789141,592247
0.008034753346296003,-0.7120637051105323,-0.5642619624731064,-0.5658020972047737,-0.5935192026789141,602810
-1.2280811460838679,0.03673624344634131,1.7722264949724689,-0.5658020972047737,-0.5935192026789141,499303
1.2441506527764599,1.464485399090231,-0.5642619624731064,-0.5658020972047737,-0.5935192026789141,453169
1.2441506527764599,0.4372138278735249,-0.5642619624731064,1.7674024273509943,1.684865452518453,76567
0.008034753346296003,-1.0094726399021925,1.7722264949724689,-0.5658020972047737,-0.5935192026789141,503739
-1.2280811460838679,0.1559481755548983,-0.5642619624731064,-0.5658020972047737,-0.5935192026789141,112708
0.008034753346296003,-0.6852875875470869,1.7722264949724689,-0.5658020972047737,-0.5935192026789141,176206
1.2441506527764599,-0.3227622393185258,-0.5642619624731064,-0.5658020972047737,-0.5935192026789141,596848
-1.2280811460838679,-0.30301776306304606,-0.5642619624731064,-0.5658020972047737,1.684865452518453,632678
1.2441506527764599,-0.42539626211823667,1.7722264949724689,-0.5658020972047737,1.684865452518453,700060
1.2441506527764599,-0.36746671385923474,-0.5642619624731064,-0.5658020972047737,-0.5935192026789141,511365
-1.2280811460838679,3.1967837875426994,-0.5642619624731064,1.7674024273509943,-0.5935192026789141,357248
-1.2280811460838679,-1.02709054913959,1.7722264949724689,-0.5658020972047737,-0.5935192026789141,632093
0.008034753346296003,-0.27153836224063027,-0.5642619624731064,-0.5658020972047737,-0.5935192026789141,286109
0.008034753346296003,0.07367952449039941,1.7722264949724689,-0.5658020972047737,-0.5935192026789141,545951
1.2441506527764599,-0.08969359861410096,1.7722264949724689,-0.5658020972047737,-0.5935192026789141,336640
-1.2280811460838679,-0.5262607328007111,-0.5642619624731064,-0.5658020972047737,-0.5935192026789141,788661
-1.2280811460838679,-0.6859860949617854,1.7722264949724689,-0.5658020972047737,1.684865452518453,141257
0.008034753346296003,-0.5099622264577442,-0.5642619624731064,-0.5658020972047737,-0.5935192026789141,53515
1.2441506527764599,-0.11460702973835017,-0.5642619624731064,-0.5658020972047737,1.684865452518453,578742
1.2441506527764599,2.080103267244576,-0.5642619624731064,-0.5658020972047737,-0.5935192026789141,287145
0.008034753346296003,-0.990302491965465,-0.5642619624731064,-0.5658020972047737,-0.5935192026789141,72873
-1.2280811460838679,-0.4121711883999436,-0.5642619624731064,-0.5658020972047737,-0.5935192026789141,910352
0.008034753346296003,-0.16024284749865714,-0.5642619624731064,1.7674024273509943,-0.5935192026789141,325871
0.008034753346296003,0.24690936333564628,-0.5642619624731064,-0.5658020972047737,-0.5935192026789141,702664
0.008034753346296003,-0.6117890851338034,1.7722264949724689,-0.5658020972047737,-0.5935192026789141,643358
0.008034753346296003,-0.4078870095897923,-0.5642619624731064,-0.5658020972047737,-0.5935192026789141,935491
-1.2280811460838679,-0.5174129722145291,1.7722264949724689,-0.5658020972047737,-0.5935192026789141,698852
0.008034753346296003,-0.4028577562039626,-0.5642619624731064,-0.5658020972047737,1.684865452518453,278497
-1.2280811460838679,0.9410705096760978,-0.5642619624731064,1.7674024273509943,-0.5935192026789141,691501
0.008034753346296003,-0.5857735645330296,-0.5642619624731064,-0.5658020972047737,1.684865452518453,755339
1.2441506527764599,-0.33300701473410493,-0.5642619624731064,-0.5658020972047737,1.684865452518453,599753
-1.2280811460838679,-0.7642189254080259,-0.5642619624731064,-0.5658020972047737,-0.5935192026789141,234972
1.2441506527764599,0.17690339799585558,-0.5642619624731064,1.7674024273509943,-0.5935192026789141,634087
0.008034753346296003,-0.9581245837283507,-0.5642619624731064,-0.5658020972047737,1.684865452518453,560237
0.008034753346296003,-0.3961520850228562,1.7722264949724689,-0.5658020972047737,1.684865452518453,670417
0.008034753346296003,0.7454884335604965,-0.5642619624731064,-0.5658020972047737,-0.5935192026789141,464546
-1.2280811460838679,3.001201711427098,-0.5642619624731064,-0.5658020972047737,-0.5935192026789141,713662
1.2441506527764599,-0.9532815989864405,-0.5642619624731064,-0.5658020972047737,-0.5935192026789141,419432
-1.2280811460838679,-0.9290666752768899,-0.5642619624731064,-0.5658020972047737,-0.5935192026789141,293761
-1.2280811460838679,0.014694453915852843,-0.5642619624731064,-0.5658020972047737,-0.5935192026789141,292821
0.008034753346296003,-0.3451144765888803,-0.5642619624731064,1.7674024273509943,-0.5935192026789141,62875
1.2441506527764599,0.21058697777132032,-0.5642619624731064,-0.5658020972047737,-0.5935192026789141,601507
0.008034753346296003,2.2225987798430853,-0.5642619624731064,-0.5658020972047737,1.684865452518453,872614
-1.2280811460838679,-0.05523389948897121,-0.5642619624731064,-0.5658020972047737,-0.5935192026789141,785901
0.008034753346296003,-0.976099507866594,-0.5642619624731064,-0.5658020972047737,-0.5935192026789141,485485
1.2441506527764599,-0.37249596724506445,-0.5642619624731064,-0.5658020972047737,-0.5935192026789141,391925
0.008034753346296003,0.34718398331237504,-0.5642619624731064,-0.5658020972047737,-0.5935192026789141,56457
1.2441506527764599,-0.13276822252051315,1.7722264949724689,-0.5658020972047737,-0.5935192026789141,974253
1.2441506527764599,-0.08154434544261757,-0.5642619624731064,-0.5658020972047737,-0.5935192026789141,83064
0.008034753346296003,0.4139302473835724,-0.5642619624731064,-0.5658020972047737,-0.5935192026789141,977325
-1.2280811460838679,-0.7127622125252309,-0.5642619624731064,-0.5658020972047737,-0.5935192026789141,689544
0.008034753346296003,-0.5658428196336304,-0.5642619624731064,-0.5658020972047737,-0.5935192026789141,934729
-1.2280811460838679,0.6793630649690313,-0.5642619624731064,-0.5658020972047737,-0.5935192026789141,808947
-1.2280811460838679,-0.2999443304383724,1.7722264949724689,-0.5658020972047737,-0.5935192026789141,259727
0.008034753346296003,-0.503675659725457,1.7722264949724689,-0.5658020972047737,-0.5935192026789141,975168
-1.2280811460838679,0.1522228026765059,-0.5642619624731064,1.7674024273509943,-0.5935192026789141,210353
-1.2280811460838679,-0.35861895327305277,-0.5642619624731064,-0.5658020972047737,1.684865452518453,832351
0.008034753346296003,1.1436376599386848,-0.5642619624731064,1.7674024273509943,-0.5935192026789141,286887
0.008034753346296003,-0.7255681817947047,-0.5642619624731064,-0.5658020972047737,-0.5935192026789141,475037
0.008034753346296003,0.07740489736879182,-0.5642619624731064,1.7674024273509943,-0.5935192026789141,809129
-1.2280811460838679,-0.9758201049007146,-0.5642619624731064,-0.5658020972047737,-0.5935192026789141,992151
1.2441506527764599,-0.40006372654516825,1.7722264949724689,-0.5658020972047737,-0.5935192026789141,644206
-1.2280811460838679,-0.027526438705927685,1.7722264949724689,-0.5658020972047737,-0.5935192026789141,263057
1.2441506527764599,1.7662406022400157,-0.5642619624731064,-0.5658020972047737,-0.5935192026789141,526015
0.008034753346296003,-0.8899502600537696,-0.5642619624731064,-0.5658020972047737,1.684865452518453,926611
1.2441506527764599,-0.5345496874551341,-0.5642619624731064,-0.5658020972047737,-0.5935192026789141,387088
0.008034753346296003,-0.29333179357922584,-0.5642619624731064,-0.5658020972047737,-0.5935192026789141,139142
0.008034753346296003,3.4352076517598134,1.7722264949724689,-0.5658020972047737,-0.5935192026789141,77603
1.2441506527764599,-0.6822607220833931,-0.5642619624731064,-0.5658020972047737,-0.5935192026789141,882890
0.008034753346296003,0.8931063338667956,-0.5642619624731064,-0.5658020972047737,-0.5935192026789141,120605
1.2441506527764599,-0.23172343960281142,-0.5642619624731064,-0.5658020972047737,1.684865452518453,331767
0.008034753346296003,0.1391839976021325,-0.5642619624731064,-0.5658020972047737,-0.5935192026789141,618728
-1.2280811460838679,-0.4221831280106232,-0.5642619624731064,-0.5658020972047737,-0.5935192026789141,918859
-1.2280811460838679,0.24815115429511034,-0.5642619624731064,-0.5658020972047737,-0.5935192026789141,975208
0.008034753346296003,-0.9985448794589081,-0.5642619624731064,-0.5658020972047737,-0.5935192026789141,405970
0.008034753346296003,-0.8035681764360457,1.7722264949724689,-0.5658020972047737,-0.5935192026789141,339604
1.2441506527764599,-0.4343371570263784,-0.5642619624731064,1.7674024273509943,-0.5935192026789141,264117
-1.2280811460838679,-0.9947263722585561,-0.5642619624731064,1.7674024273509943,1.684865452518453,788165
1.2441506527764599,-0.7989890722730216,-0.5642619624731064,-0.5658020972047737,1.684865452518453,516727
0.008034753346296003,2.300831610289326,1.7722264949724689,-0.5658020972047737,-0.5935192026789141,160373
0.008034753346296003,-0.8589054860671663,-0.5642619624731064,-0.5658020972047737,1.684865452518453,974069
1.2441506527764599,1.5743838990028067,-0.5642619624731064,-0.5658020972047737,1.684865452518453,317014
0.008034753346296003,3.329965867945228,1.7722264949724689,-0.5658020972047737,1.684865452518453,68909
-1.2280811460838679,-0.7541604186363665,-0.5642619624731064,-0.5658020972047737,1.684865452518453,321261
1.2441506527764599,-0.030941363844454128,1.7722264949724689,-0.5658020972047737,-0.5935192026789141,299975
-1.2280811460838679,-0.17980105511021727,1.7722264949724689,-0.5658020972047737,1.684865452518453,903906
-1.2280811460838679,-0.7757054917830691,-0.5642619624731064,1.7674024273509943,-0.5935192026789141,668214
-1.2280811460838679,-0.3220171647428474,-0.5642619624731064,-0.5658020972047737,-0.5935192026789141,487538
1.2441506527764599,1.1748376577952213,-0.5642619624731064,-0.5658020972047737,-0.5935192026789141,177463
0.008034753346296003,-0.26818552665007706,-0.5642619624731064,1.7674024273509943,-0.5935192026789141,151536
-1.2280811460838679,-0.8368636965366778,-0.5642619624731064,1.7674024273509943,-0.5935192026789141,856560
-1.2280811460838679,-0.8242905630721035,-0.5642619624731064,-0.5658020972047737,1.684865452518453,301981
-1.2280811460838679,-0.24941896077517536,1.7722264949724689,-0.5658020972047737,-0.5935192026789141,540533
0.008034753346296003,-0.7603072838857139,-0.5642619624731064,-0.5658020972047737,-0.5935192026789141,381145
0.008034753346296003,-0.7730666859942079,-0.5642619624731064,-0.5658020972047737,1.684865452518453,836872
1.2441506527764599,-0.5025114807009594,-0.5642619624731064,-0.5658020972047737,1.684865452518453,230685
0.008034753346296003,1.080306321006014,1.7722264949724689,-0.5658020972047737,1.684865452518453,697779
1.2441506527764599,-0.8526965312698456,-0.5642619624731064,-0.5658020972047737,-0.5935192026789141,979167
1.2441506527764599,0.6467660522830978,1.7722264949724689,-0.5658020972047737,1.684865452518453,547275
1.2441506527764599,3.412855414489459,1.7722264949724689,-0.5658020972047737,-0.5935192026789141,200619
1.2441506527764599,-0.2549604529317841,-0.5642619624731064,-0.5658020972047737,-0.5935192026789141,655950
1.2441506527764599,-0.45594431972105437,-0.5642619624731064,-0.5658020972047737,1.684865452518453,810416
-1.2280811460838679,0.8004376835167845,-0.5642619624731064,-0.5658020972047737,1.684865452518453,50005
0.008034753346296003,-0.3916816375687853,-0.5642619624731064,-0.5658020972047737,-0.5935192026789141,284152
-1.2280811460838679,-0.25198015462907014,1.7722264949724689,-0.5658020972047737,1.684865452518453,319182
1.2441506527764599,0.3673630864036673,-0.5642619624731064,-0.5658020972047737,-0.5935192026789141,842846
0.008034753346296003,-0.36839805707883283,-0.5642619624731064,-0.5658020972047737,-0.5935192026789141,530875
-1.2280811460838679,-0.3969592491465079,1.7722264949724689,-0.5658020972047737,-0.5935192026789141,905938
-1.2280811460838679,-0.8829651859067839,-0.5642619624731064,-0.5658020972047737,-0.5935192026789141,913018
1.2441506527764599,-0.04522195987829161,-0.5642619624731064,-0.5658020972047737,-0.5935192026789141,445822
-1.2280811460838679,-0.7497831055042553,-0.5642619624731064,-0.5658020972047737,-0.5935192026789141,852914
-1.2280811460838679,-0.06198613783105744,-0.5642619624731064,1.7674024273509943,-0.5935192026789141,804189
-1.2280811460838679,0.2751601076634553,1.7722264949724689,-0.5658020972047737,-0.5935192026789141,252945
-1.2280811460838679,3.467804664445747,-0.5642619624731064,1.7674024273509943,-0.5935192026789141,608236
-1.2280811460838679,-0.5020458090911604,-0.5642619624731064,1.7674024273509943,1.684865452518453,402131
1.2441506527764599,-0.33455925343343507,1.7722264949724689,-0.5658020972047737,-0.5935192026789141,272873
1.2441506527764599,-0.7100147500274164,1.7722264949724689,-0.5658020972047737,-0.5935192026789141,272322
-1.2280811460838679,-0.4606010358190449,-0.5642619624731064,-0.5658020972047737,-0.5935192026789141,70875
1.2441506527764599,-0.3736756686565554,1.7722264949724689,-0.5658020972047737,-0.5935192026789141,325201
1.2441506527764599,-0.3324482088023461,-0.5642619624731064,1.7674024273509943,-0.5935192026789141,82400
0.008034753346296003,-0.9154690642707576,-0.5642619624731064,1.7674024273509943,-0.5935192026789141,514674
-1.2280811460838679,-0.8792398130283915,-0.5642619624731064,-0.5658020972047737,-0.5935192026789141,118607
1.2441506527764599,-0.7262666892094033,1.7722264949724689,-0.5658020972047737,1.684865452518453,923993
1.2441506527764599,0.0320795273483508,-0.5642619624731064,1.7674024273509943,1.684865452518453,339647
-1.2280811460838679,-1.0249950268954944,-0.5642619624731064,-0.5658020972047737,-0.5935192026789141,466981
0.008034753346296003,1.0220973697811326,-0.5642619624731064,-0.5658020972047737,-0.5935192026789141,151096
-1.2280811460838679,0.10565564169660083,-0.5642619624731064,-0.5658020972047737,-0.5935192026789141,620900
0.008034753346296003,-0.23707866311550052,-0.5642619624731064,1.7674024273509943,-0.5935192026789141,934750
-1.2280811460838679,-0.7434965387719682,-0.5642619624731064,-0.5658020972047737,-0.5935192026789141,311538
-1.2280811460838679,2.449846525425022,-0.5642619624731064,1.7674024273509943,-0.5935192026789141,134335
-1.2280811460838679,3.3066822874552755,-0.5642619624731064,-0.5658020972047737,-0.5935192026789141,413133
-1.2280811460838679,-0.5667741628532285,-0.5642619624731064,-0.5658020972047737,-0.5935192026789141,667300
0.008034753346296003,0.10425862686720366,1.7722264949724689,-0.5658020972047737,-0.5935192026789141,131748
0.008034753346296003,0.1540854891157021,-0.5642619624731064,-0.5658020972047737,-0.5935192026789141,976932
1.2441506527764599,0.3533929381096958,1.7722264949724689,-0.5658020972047737,1.684865452518453,736779
-1.2280811460838679,-0.6146452043405708,-0.5642619624731064,-0.5658020972047737,-0.5935192026789141,115195
0.008034753346296003,-0.1716518019387339,-0.5642619624731064,1.7674024273509943,-0.5935192026789141,779055
0.008034753346296003,-0.6487323661778613,-0.5642619624731064,-0.5658020972047737,-0.5935192026789141,664134
0.008034753346296003,-0.6682905737894215,-0.5642619624731064,1.7674024273509943,1.684865452518453,676692
-1.2280811460838679,-0.8027144451514141,-0.5642619624731064,-0.5658020972047737,-0.5935192026789141,351286
1.2441506527764599,1.8305032843922846,-0.5642619624731064,1.7674024273509943,-0.5935192026789141,835608
0.008034753346296003,0.5256914337353445,-0.5642619624731064,-0.5658020972047737,-0.5935192026789141,121540
-1.2280811460838679,-0.43421297793043195,-0.5642619624731064,1.7674024273509943,-0.5935192026789141,743649
0.008034753346296003,-0.20727568008836125,-0.5642619624731064,1.7674024273509943,-0.5935192026789141,389092
0.008034753346296003,-0.7336708678052083,-0.5642619624731064,-0.5658020972047737,1.684865452518453,895383
1.2441506527764599,0.19785862043681288,-0.5642619624731064,-0.5658020972047737,-0.5935192026789141,61755
0.008034753346296003,-0.5803717738593607,-0.5642619624731064,-0.5658020972047737,-0.5935192026789141,827203
0.008034753346296003,-0.9320469735796039,1.7722264949724689,-0.5658020972047737,-0.5935192026789141,430129
-1.2280811460838679,0.03161385573855176,1.7722264949724689,-0.5658020972047737,1.684865452518453,658841
-1.2280811460838679,-0.9495562261080481,-0.5642619624731064,1.7674024273509943,-0.5935192026789141,184962
1.2441506527764599,-0.2976159723893771,-0.5642619624731064,1.7674024273509943,1.684865452518453,930808
-1.2280811460838679,0.23511234922073693,-0.5642619624731064,-0.5658020972047737,-0.5935192026789141,306760
-1.2280811460838679,-0.9240374218910602,-0.5642619624731064,-0.5658020972047737,-0.5935192026789141,67175
1.2441506527764599,-0.5942487878313724,-0.5642619624731064,1.7674024273509943,-0.5935192026789141,902119
0.008034753346296003,-0.5015801374813613,1.7722264949724689,-0.5658020972047737,1.684865452518453,921415
1.2441506527764599,-0.29047567437245836,-0.5642619624731064,1.7674024273509943,-0.5935192026789141,531503
-1.2280811460838679,-0.6168338609066264,-0.5642619624731064,-0.5658020972047737,1.684865452518453,800071
1.2441506527764599,0.5676018786172592,1.7722264949724689,-0.5658020972047737,-0.5935192026789141,729648
0.008034753346296003,2.7106226269124907,1.7722264949724689,-0.5658020972047737,-0.5935192026789141,96629
1.2441506527764599,-0.6276219198669711,-0.5642619624731064,-0.5658020972047737,-0.5935192026789141,691067
-1.2280811460838679,-0.7847084762391842,-0.5642619624731064,1.7674024273509943,1.684865452518453,228872
-1.2280811460838679,0.2984436881534078,-0.5642619624731064,-0.5658020972047737,-0.5935192026789141,742727
1.2441506527764599,-0.7216875850463792,-0.5642619624731064,1.7674024273509943,-0.5935192026789141,520970
0.008034753346296003,-0.783311461409787,-0.5642619624731064,1.7674024273509943,-0.5935192026789141,380657
1.2441506527764599,-0.7514129561385521,-0.5642619624731064,-0.5658020972047737,-0.5935192026789141,657050
0.008034753346296003,3.254527067157782,1.7722264949724689,-0.5658020972047737,-0.5935192026789141,210094
0.008034753346296003,-0.10412941851787152,-0.5642619624731064,-0.5658020972047737,1.684865452518453,774689
1.2441506527764599,-0.543801030103142,-0.5642619624731064,1.7674024273509943,-0.5935192026789141,969163
0.008034753346296003,-0.7367443004298819,-0.5642619624731064,-0.5658020972047737,-0.5935192026789141,107941
-1.2280811460838679,-0.7319323604619583,-0.5642619624731064,-0.5658020972047737,-0.5935192026789141,355617
1.2441506527764599,-0.49273237689517935,-0.5642619624731064,-0.5658020972047737,-0.5935192026789141,760958
0.008034753346296003,0.18947653146042995,-0.5642619624731064,-0.5658020972047737,-0.5935192026789141,66040
-1.2280811460838679,-0.10459509012767058,1.7722264949724689,-0.5658020972047737,-0.5935192026789141,119806
1.2441506527764599,0.20499891845373172,-0.5642619624731064,-0.5658020972047737,-0.5935192026789141,718646
-1.2280811460838679,-0.920125780368748,-0.5642619624731064,-0.5658020972047737,-0.5935192026789141,250211
-1.2280811460838679,-0.6841234085225892,-0.5642619624731064,1.7674024273509943,1.684865452518453,686364
-1.2280811460838679,0.6267421730617386,1.7722264949724689,-0.5658020972047737,1.684865452518453,105916
0.008034753346296003,-0.4969234213833708,-0.5642619624731064,-0.5658020972047737,-0.5935192026789141,722960
1.2441506527764599,0.45584069226548696,-0.5642619624731064,-0.5658020972047737,-0.5935192026789141,445507
1.2441506527764599,-0.5802786395374009,1.7722264949724689,-0.5658020972047737,-0.5935192026789141,456339
0.008034753346296003,-0.12718016320292455,1.7722264949724689,-0.5658020972047737,-0.5935192026789141,840243
1.2441506527764599,-0.3425532827349855,-0.5642619624731064,1.7674024273509943,1.684865452518453,605564
-1.2280811460838679,-0.6170666967115259,1.7722264949724689,-0.5658020972047737,-0.5935192026789141,235217
1.2441506527764599,-1.0311418921448416,-0.5642619624731064,1.7674024273509943,-0.5935192026789141,917481
0.008034753346296003,-0.2842667195751376,-0.5642619624731064,-0.5658020972047737,-0.5935192026789141,251750
-1.2280811460838679,-0.6874762441131423,-0.5642619624731064,-0.5658020972047737,-0.5935192026789141,269854
0.008034753346296003,0.327780999570748,-0.5642619624731064,-0.5658020972047737,-0.5935192026789141,796403
-1.2280811460838679,0.7641152979524586,-0.5642619624731064,-0.5658020972047737,-0.5935192026789141,994218
-1.2280811460838679,-0.0622965855709234,-0.5642619624731064,-0.5658020972047737,-0.5935192026789141,761045
1.2441506527764599,0.19196011337935828,-0.5642619624731064,1.7674024273509943,-0.5935192026789141,717554
-1.2280811460838679,-0.7183968390037992,-0.5642619624731064,-0.5658020972047737,-0.5935192026789141,385206
0.008034753346296003,-0.3395264172712917,1.7722264949724689,-0.5658020972047737,-0.5935192026789141,200434
1.2441506527764599,-0.352099550735866,-0.5642619624731064,-0.5658020972047737,-0.5935192026789141,890931
0.008034753346296003,-0.28718492832987835,-0.5642619624731064,-0.5658020972047737,-0.5935192026789141,620569
-1.2280811460838679,0.15920787682349166,1.7722264949724689,-0.5658020972047737,-0.5935192026789141,881284
0.008034753346296003,-0.31275029970784624,-0.5642619624731064,-0.5658020972047737,-0.5935192026789141,836408
0.008034753346296003,1.2744913822922181,-0.5642619624731064,-0.5658020972047737,-0.5935192026789141,827981
-1.2280811460838679,-0.4990965555624331,-0.5642619624731064,-0.5658020972047737,-0.5935192026789141,554869
1.2441506527764599,-0.3805055189336081,-0.5642619624731064,-0.5658020972047737,-0.5935192026789141,753196
0.008034753346296003,-0.21969358968300254,-0.5642619624731064,1.7674024273509943,-0.5935192026789141,578883
-1.2280811460838679,-0.6673592305698234,-0.5642619624731064,-0.5658020972047737,-0.5935192026789141,670218
1.2441506527764599,1.1222167658879285,-0.5642619624731064,-0.5658020972047737,1.684865452518453,196474
1.2441506527764599,-0.2918416444278688,-0.5642619624731064,-0.5658020972047737,-0.5935192026789141,311745
1.2441506527764599,-0.1965652330629831,-0.5642619624731064,1.7674024273509943,1.684865452518453,770643
0.008034753346296003,1.5818346447595917,1.7722264949724689,-0.5658020972047737,-0.5935192026789141,404820
0.008034753346296003,-0.9866236862480525,1.7722264949724689,-0.5658020972047737,-0.5935192026789141,748083
0.008034753346296003,-0.5663084912434294,-0.5642619624731064,-0.5658020972047737,-0.5935192026789141,232394
1.2441506527764599,-0.4131025316195417,-0.5642619624731064,-0.5658020972047737,1.684865452518453,752124
0.008034753346296003,-0.5837246094499139,-0.5642619624731064,1.7674024273509943,-0.5935192026789141,468127
-1.2280811460838679,-0.2501174681898739,1.7722264949724689,-0.5658020972047737,-0.5935192026789141,796648
0.008034753346296003,-0.19586672564828453,1.7722264949724689,-0.5658020972047737,1.684865452518453,855837
0.008034753346296003,-0.2175204555039404,-0.5642619624731064,-0.5658020972047737,-0.5935192026789141,108122
1.2441506527764599,0.21307055969024846,-0.5642619624731064,-0.5658020972047737,1.684865452518453,804849
0.008034753346296003,-0.6936231093624898,-0.5642619624731064,-0.5658020972047737,-0.5935192026789141,282661
-1.2280811460838679,0.16852130901947268,-0.5642619624731064,1.7674024273509943,-0.5935192026789141,703197
1.2441506527764599,-0.29179507726688897,-0.5642619624731064,-0.5658020972047737,-0.5935192026789141,315591
-1.2280811460838679,-0.6766726627658044,-0.5642619624731064,1.7674024273509943,-0.5935192026789141,234215
1.2441506527764599,-0.4034786516836946,1.7722264949724689,-0.5658020972047737,1.684865452518453,60662
1.2441506527764599,-0.8020314601237089,-0.5642619624731064,-0.5658020972047737,1.684865452518453,506217
0.008034753346296003,-0.9368278687735406,-0.5642619624731064,-0.5658020972047737,-0.5935192026789141,632570
-1.2280811460838679,1.1310645264741106,-0.5642619624731064,1.7674024273509943,1.684865452518453,448115
1.2441506527764599,-0.509589689169905,-0.5642619624731064,1.7674024273509943,1.684865452518453,865014
0.008034753346296003,-0.5034428239205575,-0.5642619624731064,-0.5658020972047737,-0.5935192026789141,641759
1.2441506527764599,-0.8024039974115481,-0.5642619624731064,1.7674024273509943,1.684865452518453,697801
1.2441506527764599,-0.7057305712172652,-0.5642619624731064,-0.5658020972047737,-0.5935192026789141,223285
1.2441506527764599,-0.26036224360545307,1.7722264949724689,-0.5658020972047737,-0.5935192026789141,681866
1.2441506527764599,-0.48155625826000215,-0.5642619624731064,-0.5658020972047737,-0.5935192026789141,912303
1.2441506527764599,-0.48155625826000215,1.7722264949724689,-0.5658020972047737,-0.5935192026789141,657493
1.2441506527764599,2.566264427874785,1.7722264949724689,-0.5658020972047737,1.684865452518453,910513
0.008034753346296003,-0.6409711726812105,-0.5642619624731064,-0.5658020972047737,1.684865452518453,942215
1.2441506527764599,0.8665630521082497,-0.5642619624731064,1.7674024273509943,-0.5935192026789141,284631
-1.2280811460838679,-0.5826069975863961,1.7722264949724689,-0.5658020972047737,-0.5935192026789141,133805
0.008034753346296003,-0.18585478603760494,1.7722264949724689,-0.5658020972047737,-0.5935192026789141,174698
-1.2280811460838679,1.5008077846545569,1.7722264949724689,-0.5658020972047737,1.684865452518453,218902
1.2441506527764599,-0.8582845905874342,-0.5642619624731064,1.7674024273509943,-0.5935192026789141,974570
-1.2280811460838679,1.2232675052143225,-0.5642619624731064,1.7674024273509943,-0.5935192026789141,60712
1.2441506527764599,-0.9421054803512633,-0.5642619624731064,-0.5658020972047737,-0.5935192026789141,393671
1.2441506527764599,-0.6275443079320046,1.7722264949724689,-0.5658020972047737,-0.5935192026789141,965885
0.008034753346296003,-0.7723681785795093,-0.5642619624731064,-0.5658020972047737,-0.5935192026789141,701176
0.008034753346296003,-0.8964696625909563,-0.5642619624731064,1.7674024273509943,-0.5935192026789141,806686
1.2441506527764599,-0.7434189268370017,-0.5642619624731064,-0.5658020972047737,-0.5935192026789141,568680
0.008034753346296003,-0.7533532545127146,1.7722264949724689,-0.5658020972047737,-0.5935192026789141,246437
-1.2280811460838679,1.8454047759058543,-0.5642619624731064,-0.5658020972047737,1.684865452518453,661473
0.008034753346296003,-1.021580101756968,-0.5642619624731064,1.7674024273509943,-0.5935192026789141,411995
0.008034753346296003,0.5354705375411246,-0.5642619624731064,-0.5658020972047737,1.684865452518453,474022
-1.2280811460838679,1.4737988312862118,-0.5642619624731064,1.7674024273509943,-0.5935192026789141,586498
0.008034753346296003,-0.6310368450054974,-0.5642619624731064,-0.5658020972047737,-0.5935192026789141,86972
1.2441506527764599,-1.0372887573941894,-0.5642619624731064,-0.5658020972047737,-0.5935192026789141,811254
-1.2280811460838679,-0.19446971081888736,1.7722264949724689,-0.5658020972047737,1.684865452518453,346280
1.2441506527764599,-0.9482523456006108,1.7722264949724689,-0.5658020972047737,1.684865452518453,487513
-1.2280811460838679,-0.5015801374813613,-0.5642619624731064,1.7674024273509943,-0.5935192026789141,952877
1.2441506527764599,-0.6232135619608734,1.7722264949724689,-0.5658020972047737,1.684865452518453,852377
1.2441506527764599,-1.0194069675779058,-0.5642619624731064,-0.5658020972047737,-0.5935192026789141,800561
0.008034753346296003,-0.5285890908497063,-0.5642619624731064,-0.5658020972047737,-0.5935192026789141,391324
1.2441506527764599,-0.3441831333692822,-0.5642619624731064,1.7674024273509943,1.684865452518453,382597
0.008034753346296003,3.0067897707446867,-0.5642619624731064,-0.5658020972047737,-0.5935192026789141,921836
-1.2280811460838679,0.44373323041071167,-0.5642619624731064,1.7674024273509943,-0.5935192026789141,980728
1.2441506527764599,1.6162943438847213,-0.5642619624731064,-0.5658020972047737,-0.5935192026789141,53052
1.2441506527764599,0.7301212704371278,-0.5642619624731064,1.7674024273509943,1.684865452518453,339416
-1.2280811460838679,0.704043660288381,1.7722264949724689,-0.5658020972047737,-0.5935192026789141,353294
-1.2280811460838679,-0.8195407126521531,1.7722264949724689,-0.5658020972047737,-0.5935192026789141,801564
1.2441506527764599,-0.2855085105346018,-0.5642619624731064,1.7674024273509943,-0.5935192026789141,198388
-1.2280811460838679,-0.9469950322541534,-0.5642619624731064,-0.5658020972047737,1.684865452518453,496605
0.008034753346296003,-0.9327920481552823,-0.5642619624731064,-0.5658020972047737,-0.5935192026789141,712600
-1.2280811460838679,0.009416842338130409,1.7722264949724689,-0.5658020972047737,-0.5935192026789141,933527
-1.2280811460838679,-0.7530428067728487,-0.5642619624731064,-0.5658020972047737,-0.5935192026789141,380918
1.2441506527764599,1.9310883521088797,-0.5642619624731064,1.7674024273509943,-0.5935192026789141,879607
0.008034753346296003,1.3350286915660947,-0.5642619624731064,-0.5658020972047737,1.684865452518453,443781
-1.2280811460838679,-0.8856660812436183,-0.5642619624731064,1.7674024273509943,-0.5935192026789141,66375
0.008034753346296003,-0.10156822466397675,1.7722264949724689,-0.5658020972047737,-0.5935192026789141,599998
0.008034753346296003,2.2635778815054017,1.7722264949724689,-0.5658020972047737,-0.5935192026789141,755255
0.008034753346296003,2.220736093403889,1.7722264949724689,-0.5658020972047737,-0.5935192026789141,828912
1.2441506527764599,0.48983471978081766,-0.5642619624731064,-0.5658020972047737,1.684865452518453,720534
-1.2280811460838679,-0.4326607392311018,-0.5642619624731064,1.7674024273509943,-0.5935192026789141,419170
1.2441506527764599,2.8009629192135064,-0.5642619624731064,-0.5658020972047737,-0.5935192026789141,530545
-1.2280811460838679,-0.550755059476141,-0.5642619624731064,1.7674024273509943,-0.5935192026789141,77597
-1.2280811460838679,-0.2629234374593478,-0.5642619624731064,-0.5658020972047737,1.684865452518453,386433
1.2441506527764599,-0.43619984346557455,-0.5642619624731064,1.7674024273509943,-0.5935192026789141,481613
0.008034753346296003,-0.7213771373065133,1.7722264949724689,-0.5658020972047737,-0.5935192026789141,135687
0.008034753346296003,0.24970339299444058,-0.5642619624731064,-0.5658020972047737,-0.5935192026789141,168968
-1.2280811460838679,-0.3402714918469701,-0.5642619624731064,1.7674024273509943,1.684865452518453,614562
1.2441506527764599,0.26926160060600074,-0.5642619624731064,-0.5658020972047737,-0.5935192026789141,517453
0.008034753346296003,-0.6752756479364073,-0.5642619624731064,-0.5658020972047737,-0.5935192026789141,253570
0.008034753346296003,0.8949690203059918,-0.5642619624731064,1.7674024273509943,1.684865452518453,481413
-1.2280811460838679,-0.7384517629991451,1.7722264949724689,-0.5658020972047737,-0.5935192026789141,622922
-1.2280811460838679,0.088891463743835,-0.5642619624731064,-0.5658020972047737,-0.5935192026789141,866473
1.2441506527764599,-0.487982526475229,-0.5642619624731064,1.7674024273509943,1.684865452518453,974752
-1.2280811460838679,-0.6058905780763487,-0.5642619624731064,-0.5658020972047737,-0.5935192026789141,397509
0.008034753346296003,-0.08666673315040713,-0.5642619624731064,-0.5658020972047737,1.684865452518453,969707
0.008034753346296003,-0.5209520764490018,-0.5642619624731064,-0.5658020972047737,1.684865452518453,888418
0.008034753346296003,-0.9426642862830222,-0.5642619624731064,-0.5658020972047737,1.684865452518453,861802
0.008034753346296003,-0.8827323501018843,-0.5642619624731064,1.7674024273509943,1.684865452518453,347391
1.2441506527764599,-0.10808762720116347,-0.5642619624731064,-0.5658020972047737,-0.5935192026789141,960835
1.2441506527764599,-0.5418607317289792,-0.5642619624731064,-0.5658020972047737,-0.5935192026789141,431688
-1.2280811460838679,0.7305869420469269,1.7722264949724689,-0.5658020972047737,-0.5935192026789141,256994
-1.2280811460838679,-0.6927383333038717,-0.5642619624731064,1.7674024273509943,1.684865452518453,830768
-1.2280811460838679,-0.9069007066504551,-0.5642619624731064,-0.5658020972047737,-0.5935192026789141,443650
1.2441506527764599,-0.4054655172188372,-0.5642619624731064,1.7674024273509943,-0.5935192026789141,637270
0.008034753346296003,2.430288317813462,-0.5642619624731064,-0.5658020972047737,-0.5935192026789141,901612
-1.2280811460838679,-0.866977127303683,-0.5642619624731064,-0.5658020972047737,1.684865452518453,682822
0.008034753346296003,-0.929532346886689,-0.5642619624731064,-0.5658020972047737,-0.5935192026789141,739834
-1.2280811460838679,0.26025861614988566,-0.5642619624731064,-0.5658020972047737,-0.5935192026789141,336788
-1.2280811460838679,0.09975713463914625,1.7722264949724689,-0.5658020972047737,1.684865452518453,612781
-1.2280811460838679,-0.032183154803918194,-0.5642619624731064,-0.5658020972047737,-0.5935192026789141,395968
-1.2280811460838679,-0.5039084955303565,-0.5642619624731064,-0.5658020972047737,-0.5935192026789141,564922
-1.2280811460838679,-0.8132696683068593,-0.5642619624731064,1.7674024273509943,-0.5935192026789141,971463
0.008034753346296003,-0.36392760962476195,-0.5642619624731064,-0.5658020972047737,-0.5935192026789141,883721
-1.2280811460838679,3.448246456834187,-0.5642619624731064,-0.5658020972047737,-0.5935192026789141,978647
0.008034753346296003,-0.11352046264881899,1.7722264949724689,-0.5658020972047737,-0.5935192026789141,482809
1.2441506527764599,-0.8648039931246209,-0.5642619624731064,-0.5658020972047737,-0.5935192026789141,482331
-1.2280811460838679,-0.48965894427050566,-0.5642619624731064,-0.5658020972047737,1.684865452518453,816505
0.008034753346296003,-0.5423264033387782,-0.5642619624731064,-0.5658020972047737,-0.5935192026789141,727900
1.2441506527764599,0.6067182938403795,-0.5642619624731064,1.7674024273509943,1.684865452518453,347625
1.2441506527764599,-0.351633879126067,-0.5642619624731064,-0.5658020972047737,-0.5935192026789141,276577
1.2441506527764599,-0.07735330095442611,-0.5642619624731064,-0.5658020972047737,-0.5935192026789141,651385
0.008034753346296003,-0.6564159477395457,-0.5642619624731064,1.7674024273509943,-0.5935192026789141,859010
-1.2280811460838679,-0.866666679563817,-0.5642619624731064,-0.5658020972047737,1.684865452518453,980291
-1.2280811460838679,-0.4773652137718107,-0.5642619624731064,-0.5658020972047737,1.684865452518453,384192
0.008034753346296003,-0.6096159509547411,-0.5642619624731064,1.7674024273509943,-0.5935192026789141,564771
-1.2280811460838679,1.54830628885406,1.7722264949724689,-0.5658020972047737,-0.5935192026789141,233951
0.008034753346296003,-0.9815944328622229,-0.5642619624731064,1.7674024273509943,-0.5935192026789141,191668
-1.2280811460838679,-0.975168164646996,1.7722264949724689,-0.5658020972047737,-0.5935192026789141,503885
1.2441506527764599,-0.38460342909983974,-0.5642619624731064,-0.5658020972047737,-0.5935192026789141,463146
-1.2280811460838679,-0.5745974458978524,-0.5642619624731064,1.7674024273509943,-0.5935192026789141,229022
0.008034753346296003,-0.3140076130543037,1.7722264949724689,-0.5658020972047737,1.684865452518453,932169
0.008034753346296003,2.8773330632205507,-0.5642619624731064,-0.5658020972047737,-0.5935192026789141,330831
1.2441506527764599,-0.46339506547783915,-0.5642619624731064,1.7674024273509943,1.684865452518453,496049
0.008034753346296003,-0.7152302720571657,-0.5642619624731064,-0.5658020972047737,-0.5935192026789141,172540
-1.2280811460838679,3.410992728050263,-0.5642619624731064,-0.5658020972047737,-0.5935192026789141,741349
-1.2280811460838679,-0.7434965387719682,1.7722264949724689,-0.5658020972047737,-0.5935192026789141,866615
1.2441506527764599,-0.42595506804999544,-0.5642619624731064,1.7674024273509943,-0.5935192026789141,332902
0.008034753346296003,-0.5639801331944341,-0.5642619624731064,1.7674024273509943,-0.5935192026789141,706442
1.2441506527764599,-0.22078015677253374,-0.5642619624731064,-0.5658020972047737,-0.5935192026789141,812301
-1.2280811460838679,-0.954585479493878,-0.5642619624731064,-0.5658020972047737,-0.5935192026789141,670656
1.2441506527764599,-0.7096422127395772,-0.5642619624731064,1.7674024273509943,-0.5935192026789141,620179
0.008034753346296003,-0.08969359861410096,-0.5642619624731064,1.7674024273509943,-0.5935192026789141,96901
1.2441506527764599,0.05722579427749955,-0.5642619624731064,-0.5658020972047737,1.684865452518453,526728
0.008034753346296003,-0.7865711626783803,-0.5642619624731064,1.7674024273509943,-0.5935192026789141,416056
0.008034753346296003,-1.01731144533381,-0.5642619624731064,-0.5658020972047737,-0.5935192026789141,645350
-1.2280811460838679,-0.1909771737453945,-0.5642619624731064,-0.5658020972047737,1.684865452518453,539838
-1.2280811460838679,-0.6999562432557569,-0.5642619624731064,-0.5658020972047737,1.684865452518453,726923
-1.2280811460838679,-0.2681234371021039,-0.5642619624731064,-0.5658020972047737,-0.5935192026789141,908440
0.008034753346296003,-0.38329954859240245,-0.5642619624731064,-0.5658020972047737,1.684865452518453,445991
1.2441506527764599,2.185345051059161,-0.5642619624731064,-0.5658020972047737,1.684865452518453,983332
0.008034753346296003,-0.9801042837108658,1.7722264949724689,-0.5658020972047737,-0.5935192026789141,553528
-1.2280811460838679,-0.5835383408059942,1.7722264949724689,-0.5658020972047737,1.684865452518453,569149
-1.2280811460838679,-0.6184637115409231,-0.5642619624731064,-0.5658020972047737,-0.5935192026789141,854406
1.2441506527764599,-0.5150846141655337,-0.5642619624731064,-0.5658020972047737,-0.5935192026789141,727748
-1.2280811460838679,-0.28234194358796827,1.7722264949724689,-0.5658020972047737,-0.5935192026789141,654879
-1.2280811460838679,-0.7167204212085228,1.7722264949724689,-0.5658020972047737,-0.5935192026789141,302990
-1.2280811460838679,-0.14394434115569035,-0.5642619624731064,1.7674024273509943,-0.5935192026789141,330759
1.2441506527764599,0.22735115572408615,-0.5642619624731064,-0.5658020972047737,-0.5935192026789141,72838
0.008034753346296003,1.0975361705685789,1.7722264949724689,-0.5658020972047737,-0.5935192026789141,352872
-1.2280811460838679,-0.7434189268370017,-0.5642619624731064,-0.5658020972047737,-0.5935192026789141,690537
1.2441506527764599,-0.3278846270263154,-0.5642619624731064,1.7674024273509943,-0.5935192026789141,652288
-1.2280811460838679,-0.6727610212434924,-0.5642619624731064,1.7674024273509943,-0.5935192026789141,364942
1.2441506527764599,-1.0736111429585153,-0.5642619624731064,-0.5658020972047737,-0.5935192026789141,515992
-1.2280811460838679,0.8740137978650345,-0.5642619624731064,-0.5658020972047737,-0.5935192026789141,987126
1.2441506527764599,-0.35473835652472735,-0.5642619624731064,1.7674024273509943,-0.5935192026789141,194608
-1.2280811460838679,1.0230287130007307,-0.5642619624731064,-0.5658020972047737,-0.5935192026789141,186772
0.008034753346296003,0.465619796071267,-0.5642619624731064,-0.5658020972047737,-0.5935192026789141,744199
-1.2280811460838679,-0.995502491608221,-0.5642619624731064,-0.5658020972047737,-0.5935192026789141,846680
1.2441506527764599,-0.5379025230456873,-0.5642619624731064,1.7674024273509943,-0.5935192026789141,95291
-1.2280811460838679,-0.31996820965973155,-0.5642619624731064,1.7674024273509943,-0.5935192026789141,919061
0.008034753346296003,1.0472436367102813,-0.5642619624731064,-0.5658020972047737,1.684865452518453,265963
-1.2280811460838679,-0.929998018496488,1.7722264949724689,-0.5658020972047737,1.684865452518453,175612
1.2441506527764599,-0.6552517687150481,-0.5642619624731064,-0.5658020972047737,-0.5935192026789141,591465
1.2441506527764599,1.0751839332982245,1.7722264949724689,-0.5658020972047737,-0.5935192026789141,462699
0.008034753346296003,1.1971898950655757,-0.5642619624731064,1.7674024273509943,1.684865452518453,93815
1.2441506527764599,-0.33486970117330117,1.7722264949724689,-0.5658020972047737,1.684865452518453,874965
-1.2280811460838679,-0.5383681946554864,-0.5642619624731064,-0.5658020972047737,1.684865452518453,836458
-1.2280811460838679,0.6225511285735471,-0.5642619624731064,1.7674024273509943,-0.5935192026789141,154997
-1.2280811460838679,-0.8567323518881039,-0.5642619624731064,-0.5658020972047737,-0.5935192026789141,110611
1.2441506527764599,-0.957006971864833,-0.5642619624731064,-0.5658020972047737,-0.5935192026789141,661530
-1.2280811460838679,-0.36169238589772645,-0.5642619624731064,1.7674024273509943,-0.5935192026789141,467876
-1.2280811460838679,0.8777391707434269,-0.5642619624731064,1.7674024273509943,1.684865452518453,760463
-1.2280811460838679,2.438670406789845,-0.5642619624731064,-0.5658020972047737,-0.5935192026789141,417057
0.008034753346296003,0.31334517966697745,-0.5642619624731064,1.7674024273509943,-0.5935192026789141,92082
1.2441506527764599,0.2776436895823836,-0.5642619624731064,-0.5658020972047737,1.684865452518453,197330
1.2441506527764599,-1.0086965205525276,-0.5642619624731064,-0.5658020972047737,-0.5935192026789141,677901
1.2441506527764599,1.5455122591952657,-0.5642619624731064,-0.5658020972047737,-0.5935192026789141,934747
0.008034753346296003,1.1953272086263795,1.7722264949724689,-0.5658020972047737,-0.5935192026789141,926122
1.2441506527764599,-0.737209972039681,-0.5642619624731064,1.7674024273509943,-0.5935192026789141,145220
0.008034753346296003,-0.9638368221418856,1.7722264949724689,-0.5658020972047737,-0.5935192026789141,589677
0.008034753346296003,0.11962578999057234,-0.5642619624731064,-0.5658020972047737,1.684865452518453,141860
1.2441506527764599,0.6612018721868683,1.7722264949724689,-0.5658020972047737,-0.5935192026789141,733045
-1.2280811460838679,-0.45966969259944673,1.7722264949724689,-0.5658020972047737,1.684865452518453,502436
-1.2280811460838679,-0.6980935568165607,-0.5642619624731064,-0.5658020972047737,-0.5935192026789141,994699
1.2441506527764599,-0.33673238761249735,-0.5642619624731064,-0.5658020972047737,-0.5935192026789141,71797
1.2441506527764599,-0.5341771501672948,-0.5642619624731064,1.7674024273509943,-0.5935192026789141,948407
0.008034753346296003,-0.8685293660030133,1.7722264949724689,-0.5658020972047737,1.684865452518453,933601
1.2441506527764599,3.109237524900478,-0.5642619624731064,-0.5658020972047737,-0.5935192026789141,820227
0.008034753346296003,-0.6926917661428917,-0.5642619624731064,-0.5658020972047737,1.684865452518453,640620
1.2441506527764599,2.630527110027054,-0.5642619624731064,-0.5658020972047737,-0.5935192026789141,810943
-1.2280811460838679,-0.5395789408409638,-0.5642619624731064,-0.5658020972047737,-0.5935192026789141,274997
-1.2280811460838679,-0.7036816161341494,1.7722264949724689,-0.5658020972047737,-0.5935192026789141,506123
1.2441506527764599,-0.7721353427746098,-0.5642619624731064,-0.5658020972047737,1.684865452518453,450404
0.008034753346296003,-0.6861723636057051,-0.5642619624731064,-0.5658020972047737,1.684865452518453,335840
-1.2280811460838679,0.10130937333847628,-0.5642619624731064,1.7674024273509943,1.684865452518453,52024
0.008034753346296003,-0.020075692949142875,-0.5642619624731064,1.7674024273509943,1.684865452518453,479201
1.2441506527764599,2.474061449134573,1.7722264949724689,-0.5658020972047737,-0.5935192026789141,711944
1.2441506527764599,-0.6182308757360235,-0.5642619624731064,1.7674024273509943,1.684865452518453,403142
-1.2280811460838679,-0.3816231307971259,-0.5642619624731064,-0.5658020972047737,-0.5935192026789141,208116
1.2441506527764599,2.7301808345240506,-0.5642619624731064,-0.5658020972047737,1.684865452518453,831627
-1.2280811460838679,1.476592860945006,-0.5642619624731064,-0.5658020972047737,-0.5935192026789141,317429
0.008034753346296003,-0.3032040317069657,-0.5642619624731064,-0.5658020972047737,-0.5935192026789141,506331
-1.2280811460838679,-0.8079920567291367,1.7722264949724689,-0.5658020972047737,-0.5935192026789141,843802
-1.2280811460838679,-0.21356224682064845,-0.5642619624731064,1.7674024273509943,-0.5935192026789141,67903
0.008034753346296003,-0.6037950558322529,-0.5642619624731064,-0.5658020972047737,-0.5935192026789141,737859
-1.2280811460838679,-0.6426786352504736,-0.5642619624731064,1.7674024273509943,-0.5935192026789141,934336
-1.2280811460838679,-0.4280040231331113,-0.5642619624731064,-0.5658020972047737,-0.5935192026789141,859427
1.2441506527764599,-0.12159210388533594,-0.5642619624731064,-0.5658020972047737,-0.5935192026789141,417304
0.008034753346296003,-0.6921950497591061,1.7722264949724689,-0.5658020972047737,-0.5935192026789141,478416
-1.2280811460838679,-0.37515029542091904,-0.5642619624731064,-0.5658020972047737,1.684865452518453,662665
0.008034753346296003,-0.7940219084351652,-0.5642619624731064,-0.5658020972047737,-0.5935192026789141,251474
0.008034753346296003,0.9727361791424333,-0.5642619624731064,-0.5658020972047737,-0.5935192026789141,456782
-1.2280811460838679,-0.38981895112958914,1.7722264949724689,-0.5658020972047737,-0.5935192026789141,874254
1.2441506527764599,-0.5304517772889025,-0.5642619624731064,-0.5658020972047737,-0.5935192026789141,419556
0.008034753346296003,-0.3659765647078777,1.7722264949724689,-0.5658020972047737,-0.5935192026789141,887654
-1.2280811460838679,-1.0301174146032839,-0.5642619624731064,-0.5658020972047737,-0.5935192026789141,930520
0.008034753346296003,-0.41434432257900583,-0.5642619624731064,1.7674024273509943,-0.5935192026789141,543301
1.2441506527764599,-0.9121162286802044,-0.5642619624731064,-0.5658020972047737,1.684865452518453,402594
1.2441506527764599,-0.38516223503159863,-0.5642619624731064,1.7674024273509943,1.684865452518453,493884
1.2441506527764599,-0.34232044693008595,-0.5642619624731064,1.7674024273509943,-0.5935192026789141,683654
-1.2280811460838679,1.870551042835003,1.7722264949724689,-0.5658020972047737,-0.5935192026789141,422222
-1.2280811460838679,0.5741212811544458,-0.5642619624731064,-0.5658020972047737,-0.5935192026789141,638141
1.2441506527764599,0.043876541463260164,1.7722264949724689,-0.5658020972047737,-0.5935192026789141,235715
-1.2280811460838679,-0.912302497324124,-0.5642619624731064,-0.5658020972047737,-0.5935192026789141,960226
1.2441506527764599,0.8768078275238288,-0.5642619624731064,-0.5658020972047737,-0.5935192026789141,203405
-1.2280811460838679,-0.8530690685576848,-0.5642619624731064,1.7674024273509943,-0.5935192026789141,459174
1.2441506527764599,0.1550168323353002,-0.5642619624731064,1.7674024273509943,1.684865452518453,626730
0.008034753346296003,-0.6012338619783582,-0.5642619624731064,-0.5658020972047737,-0.5935192026789141,464170
1.2441506527764599,-0.2886129879332622,-0.5642619624731064,-0.5658020972047737,-0.5935192026789141,280755
1.2441506527764599,-0.5807443111471999,-0.5642619624731064,-0.5658020972047737,1.684865452518453,583963
-1.2280811460838679,-0.37328760898172286,-0.5642619624731064,-0.5658020972047737,-0.5935192026789141,139590
-1.2280811460838679,-0.47022491575489195,1.7722264949724689,-0.5658020972047737,-0.5935192026789141,420714
-1.2280811460838679,0.33476607371773376,-0.5642619624731064,-0.5658020972047737,1.684865452518453,343805
-1.2280811460838679,0.9163899143567481,-0.5642619624731064,-0.5658020972047737,-0.5935192026789141,638577
-1.2280811460838679,0.5806406836916326,-0.5642619624731064,-0.5658020972047737,-0.5935192026789141,67184
-1.2280811460838679,-0.07013539100254083,-0.5642619624731064,-0.5658020972047737,-0.5935192026789141,884395
0.008034753346296003,-0.7714368353599113,-0.5642619624731064,1.7674024273509943,-0.5935192026789141,731182
1.2441506527764599,-0.2021532923805717,-0.5642619624731064,-0.5658020972047737,-0.5935192026789141,505519
1.2441506527764599,-0.7041472877439484,-0.5642619624731064,-0.5658020972047737,-0.5935192026789141,257537
1.2441506527764599,0.09665265724048577,-0.5642619624731064,1.7674024273509943,-0.5935192026789141,841699
0.008034753346296003,2.0372614791430634,-0.5642619624731064,-0.5658020972047737,-0.5935192026789141,233719
1.2441506527764599,-0.5474022238855879,-0.5642619624731064,1.7674024273509943,-0.5935192026789141,899246
0.008034753346296003,0.08671832956477282,1.7722264949724689,-0.5658020972047737,-0.5935192026789141,872457
0.008034753346296003,0.049309376910915685,-0.5642619624731064,-0.5658020972047737,-0.5935192026789141,171246
0.008034753346296003,0.017798931314513322,-0.5642619624731064,-0.5658020972047737,-0.5935192026789141,389749
1.2441506527764599,-0.7365890765599489,-0.5642619624731064,1.7674024273509943,-0.5935192026789141,706341
0.008034753346296003,-0.7060099741831446,1.7722264949724689,-0.5658020972047737,-0.5935192026789141,879868
1.2441506527764599,-1.0666726359725094,-0.5642619624731064,-0.5658020972047737,-0.5935192026789141,723832
1.2441506527764599,-0.9798248807449864,1.7722264949724689,-0.5658020972047737,1.684865452518453,200408
-1.2280811460838679,1.4616913694314366,-0.5642619624731064,-0.5658020972047737,-0.5935192026789141,730947
-1.2280811460838679,3.012377830062275,-0.5642619624731064,-0.5658020972047737,-0.5935192026789141,913624
0.008034753346296003,-0.3562905952240575,-0.5642619624731064,-0.5658020972047737,-0.5935192026789141,287439
0.008034753346296003,-0.6496637093974594,-0.5642619624731064,1.7674024273509943,-0.5935192026789141,957023
1.2441506527764599,-0.554666700998453,-0.5642619624731064,-0.5658020972047737,-0.5935192026789141,396655
0.008034753346296003,-0.25645060208314097,-0.5642619624731064,-0.5658020972047737,-0.5935192026789141,583953
0.008034753346296003,-0.517102524474663,-0.5642619624731064,-0.5658020972047737,-0.5935192026789141,732457
1.2441506527764599,-1.0638786063137151,-0.5642619624731064,-0.5658020972047737,1.684865452518453,927709
0.008034753346296003,1.4039480898163543,-0.5642619624731064,-0.5658020972047737,-0.5935192026789141,626762
0.008034753346296003,2.220736093403889,-0.5642619624731064,-0.5658020972047737,-0.5935192026789141,777333
1.2441506527764599,-1.0661603972017304,-0.5642619624731064,1.7674024273509943,1.684865452518453,468401
1.2441506527764599,2.834491275119038,-0.5642619624731064,-0.5658020972047737,-0.5935192026789141,125911
-1.2280811460838679,-0.3181055232205353,-0.5642619624731064,-0.5658020972047737,1.684865452518453,142643
1.2441506527764599,-0.542931776431517,1.7722264949724689,-0.5658020972047737,1.684865452518453,866916
-1.2280811460838679,0.19133921789962616,-0.5642619624731064,-0.5658020972047737,1.684865452518453,309383
0.008034753346296003,1.182288403552006,-0.5642619624731064,-0.5658020972047737,-0.5935192026789141,413309
1.2441506527764599,-0.9379144358630719,-0.5642619624731064,-0.5658020972047737,-0.5935192026789141,226682
1.2441506527764599,1.2502764585826676,-0.5642619624731064,-0.5658020972047737,-0.5935192026789141,756167
1.2441506527764599,-0.6394189339818803,1.7722264949724689,-0.5658020972047737,-0.5935192026789141,862267
0.008034753346296003,-0.2788028393534954,1.7722264949724689,-0.5658020972047737,-0.5935192026789141,800639
-1.2280811460838679,-0.3929234285282495,1.7722264949724689,-0.5658020972047737,1.684865452518453,146453
0.008034753346296003,0.9229093168939349,1.7722264949724689,-0.5658020972047737,1.684865452518453,628078
0.008034753346296003,-0.04335927343909541,-0.5642619624731064,-0.5658020972047737,-0.5935192026789141,782320
1.2441506527764599,2.4247002584958732,-0.5642619624731064,-0.5658020972047737,-0.5935192026789141,846075
-1.2280811460838679,-0.4445819324419575,-0.5642619624731064,1.7674024273509943,-0.5935192026789141,387990
0.008034753346296003,-0.34953835688197127,1.7722264949724689,-0.5658020972047737,-0.5935192026789141,462167
1.2441506527764599,0.1447720569197211,-0.5642619624731064,-0.5658020972047737,-0.5935192026789141,535320
0.008034753346296003,-0.9730260752419203,1.7722264949724689,-0.5658020972047737,-0.5935192026789141,458449
0.008034753346296003,-1.0042726402594366,-0.5642619624731064,-0.5658020972047737,-0.5935192026789141,587488
1.2441506527764599,-0.5986261009634836,-0.5642619624731064,-0.5658020972047737,-0.5935192026789141,626563
1.2441506527764599,-0.02240405099813813,-0.5642619624731064,-0.5658020972047737,-0.5935192026789141,519284
-1.2280811460838679,0.39576905460140943,-0.5642619624731064,-0.5658020972047737,-0.5935192026789141,925433
0.008034753346296003,2.4787181652325634,-0.5642619624731064,-0.5658020972047737,1.684865452518453,726651
1.2441506527764599,0.474467556657449,-0.5642619624731064,-0.5658020972047737,-0.5935192026789141,354592
1.2441506527764599,0.14849742979811348,-0.5642619624731064,-0.5658020972047737,1.684865452518453,998084
-1.2280811460838679,-0.9830845820135797,-0.5642619624731064,1.7674024273509943,-0.5935192026789141,665973
-1.2280811460838679,-0.3418547753202869,-0.5642619624731064,-0.5658020972047737,1.684865452518453,464562
1.2441506527764599,2.255195792529019,-0.5642619624731064,1.7674024273509943,-0.5935192026789141,847051
-1.2280811460838679,0.529416806613737,1.7722264949724689,-0.5658020972047737,1.684865452518453,679742
1.2441506527764599,0.32265861186295847,-0.5642619624731064,1.7674024273509943,-0.5935192026789141,576054
0.008034753346296003,-0.6781628119171613,1.7722264949724689,-0.5658020972047737,-0.5935192026789141,839981
-1.2280811460838679,-0.5192756586537253,1.7722264949724689,-0.5658020972047737,-0.5935192026789141,724053
0.008034753346296003,2.605380843097905,-0.5642619624731064,1.7674024273509943,-0.5935192026789141,505235
0.008034753346296003,-0.7819144465803899,-0.5642619624731064,-0.5658020972047737,-0.5935192026789141,540674
0.008034753346296003,-0.21519209745494514,1.7722264949724689,-0.5658020972047737,-0.5935192026789141,830644
1.2441506527764599,0.07538698705966253,-0.5642619624731064,-0.5658020972047737,-0.5935192026789141,944370
0.008034753346296003,-0.7432637029670687,-0.5642619624731064,-0.5658020972047737,1.684865452518453,964105
0.008034753346296003,0.9047481241117719,1.7722264949724689,-0.5658020972047737,-0.5935192026789141,543496
0.008034753346296003,1.0751839332982245,-0.5642619624731064,-0.5658020972047737,1.684865452518453,884760
1.2441506527764599,-0.8359323533170797,-0.5642619624731064,1.7674024273509943,-0.5935192026789141,520917
0.008034753346296003,0.4688794973398604,-0.5642619624731064,-0.5658020972047737,-0.5935192026789141,270172
0.008034753346296003,-0.8443144422934626,-0.5642619624731064,1.7674024273509943,1.684865452518453,75301
-1.2280811460838679,-0.42614133669391513,1.7722264949724689,-0.5658020972047737,-0.5935192026789141,619051
1.2441506527764599,0.19910041139627693,-0.5642619624731064,-0.5658020972047737,-0.5935192026789141,201837
0.008034753346296003,0.15827653360389354,1.7722264949724689,-0.5658020972047737,1.684865452518453,881219
-1.2280811460838679,-0.49971745104216514,-0.5642619624731064,1.7674024273509943,-0.5935192026789141,957107
1.2441506527764599,0.5079959125629806,-0.5642619624731064,-0.5658020972047737,-0.5935192026789141,57425
1.2441506527764599,-0.7043025116138814,-0.5642619624731064,-0.5658020972047737,-0.5935192026789141,325001
1.2441506527764599,-0.819633846974113,1.7722264949724689,-0.5658020972047737,1.684865452518453,233843
1.2441506527764599,-0.40472044264315876,1.7722264949724689,-0.5658020972047737,-0.5935192026789141,405143
1.2441506527764599,-0.45780700616025055,-0.5642619624731064,-0.5658020972047737,-0.5935192026789141,465660
1.2441506527764599,1.0486406515396784,-0.5642619624731064,1.7674024273509943,-0.5935192026789141,833849
0.008034753346296003,-0.24204582695335708,1.7722264949724689,-0.5658020972047737,-0.5935192026789141,615745
0.008034753346296003,0.16029444391302283,-0.5642619624731064,-0.5658020972047737,-0.5935192026789141,545496
0.008034753346296003,-0.9024302591963842,1.7722264949724689,-0.5658020972047737,1.684865452518453,785101
0.008034753346296003,-0.7807502675558923,-0.5642619624731064,-0.5658020972047737,-0.5935192026789141,443920
-1.2280811460838679,-0.7067860935328096,-0.5642619624731064,-0.5658020972047737,-0.5935192026789141,579740
0.008034753346296003,-0.46153237903864297,-0.5642619624731064,-0.5658020972047737,1.684865452518453,161153
1.2441506527764599,-0.4289353663527094,1.7722264949724689,-0.5658020972047737,-0.5935192026789141,875294
0.008034753346296003,-0.5339443143623953,-0.5642619624731064,1.7674024273509943,-0.5935192026789141,242543
0.008034753346296003,-0.6434547546001388,-0.5642619624731064,-0.5658020972047737,-0.5935192026789141,529274
1.2441506527764599,-1.0378009961649681,-0.5642619624731064,1.7674024273509943,1.684865452518453,330444
0.008034753346296003,0.23387055826127287,-0.5642619624731064,-0.5658020972047737,1.684865452518453,977070
0.008034753346296003,1.0574884121258605,-0.5642619624731064,1.7674024273509943,-0.5935192026789141,450717
0.008034753346296003,-0.3697019375862701,-0.5642619624731064,-0.5658020972047737,1.684865452518453,51845
-1.2280811460838679,-0.38795626469039296,-0.5642619624731064,1.7674024273509943,-0.5935192026789141,169342
0.008034753346296003,-0.019454797469410735,1.7722264949724689,-0.5658020972047737,1.684865452518453,875613
1.2441506527764599,-0.7431084790971355,-0.5642619624731064,1.7674024273509943,-0.5935192026789141,500479
1.2441506527764599,0.8763421559140298,-0.5642619624731064,-0.5658020972047737,-0.5935192026789141,811654
0.008034753346296003,3.38305243146232,-0.5642619624731064,-0.5658020972047737,-0.5935192026789141,813292
0.008034753346296003,1.116163034960541,-0.5642619624731064,-0.5658020972047737,-0.5935192026789141,768398
0.008034753346296003,1.8835898479093764,-0.5642619624731064,-0.5658020972047737,1.684865452518453,298850
1.2441506527764599,-0.7514905680735184,-0.5642619624731064,-0.5658020972047737,-0.5935192026789141,788650
1.2441506527764599,-0.026129423876530534,-0.5642619624731064,1.7674024273509943,-0.5935192026789141,297688
-1.2280811460838679,-0.3969592491465079,-0.5642619624731064,-0.5658020972047737,-0.5935192026789141,608692
-1.2280811460838679,-0.7493174338944563,-0.5642619624731064,-0.5658020972047737,-0.5935192026789141,596852
-1.2280811460838679,-0.8908816032733677,-0.5642619624731064,-0.5658020972047737,-0.5935192026789141,672186
1.2441506527764599,-0.9013126473328665,1.7722264949724689,-0.5658020972047737,-0.5935192026789141,330371
-1.2280811460838679,-0.6480338587631628,-0.5642619624731064,-0.5658020972047737,-0.5935192026789141,570919
0.008034753346296003,0.6961272429217972,-0.5642619624731064,-0.5658020972047737,-0.5935192026789141,145259
0.008034753346296003,0.2698824960857326,-0.5642619624731064,-0.5658020972047737,-0.5935192026789141,174451
1.2441506527764599,-0.39261298078838347,-0.5642619624731064,-0.5658020972047737,-0.5935192026789141,490691
-1.2280811460838679,2.889440525075326,-0.5642619624731064,-0.5658020972047737,-0.5935192026789141,67215
0.008034753346296003,0.20158399331520527,1.7722264949724689,-0.5658020972047737,-0.5935192026789141,180577
1.2441506527764599,-0.44104282820748475,-0.5642619624731064,1.7674024273509943,-0.5935192026789141,832680
-1.2280811460838679,0.22890339442341617,1.7722264949724689,-0.5658020972047737,-0.5935192026789141,121074
0.008034753346296003,0.126455640267625,-0.5642619624731064,-0.5658020972047737,-0.5935192026789141,989203
-1.2280811460838679,-1.033935921803636,1.7722264949724689,-0.5658020972047737,1.684865452518453,682909
1.2441506527764599,0.19878996365641097,-0.5642619624731064,-0.5658020972047737,-0.5935192026789141,979958
-1.2280811460838679,-0.8373293681464768,1.7722264949724689,-0.5658020972047737,1.684865452518453,753577
1.2441506527764599,-0.08294136027201472,-0.5642619624731064,-0.5658020972047737,-0.5935192026789141,156759
-1.2280811460838679,3.4175121305874496,1.7722264949724689,-0.5658020972047737,-0.5935192026789141,178471
0.008034753346296003,-0.5179717781462879,-0.5642619624731064,-0.5658020972047737,-0.5935192026789141,858143
1.2441506527764599,-0.3395264172712917,-0.5642619624731064,-0.5658020972047737,-0.5935192026789141,458275
1.2441506527764599,0.5182406879785597,-0.5642619624731064,-0.5658020972047737,1.684865452518453,622686
1.2441506527764599,1.5250227083641075,1.7722264949724689,-0.5658020972047737,-0.5935192026789141,837718
-1.2280811460838679,-0.4060243231505961,-0.5642619624731064,-0.5658020972047737,1.684865452518453,215369
-1.2280811460838679,-0.30064283785307094,1.7722264949724689,-0.5658020972047737,-0.5935192026789141,682592
0.008034753346296003,3.038455440211022,-0.5642619624731064,-0.5658020972047737,-0.5935192026789141,154959
1.2441506527764599,-0.06291748105065555,-0.5642619624731064,1.7674024273509943,-0.5935192026789141,289317
1.2441506527764599,-0.9332577197650813,-0.5642619624731064,1.7674024273509943,-0.5935192026789141,731845
-1.2280811460838679,-0.02473240904713338,-0.5642619624731064,1.7674024273509943,1.684865452518453,372111
-1.2280811460838679,1.733643589554082,1.7722264949724689,-0.5658020972047737,-0.5935192026789141,934235
0.008034753346296003,0.83210335298312,1.7722264949724689,-0.5658020972047737,-0.5935192026789141,179745
0.008034753346296003,-0.314845821951942,-0.5642619624731064,-0.5658020972047737,1.684865452518453,104583
-1.2280811460838679,-0.26315627326424734,-0.5642619624731064,-0.5658020972047737,-0.5935192026789141,698365
1.2441506527764599,-0.8392851889076329,-0.5642619624731064,-0.5658020972047737,-0.5935192026789141,494846
0.008034753346296003,0.7636496263426595,-0.5642619624731064,-0.5658020972047737,-0.5935192026789141,161359
-1.2280811460838679,2.237500271356655,-0.5642619624731064,-0.5658020972047737,1.684865452518453,601374
-1.2280811460838679,-0.17421299579262867,-0.5642619624731064,1.7674024273509943,-0.5935192026789141,721844
1.2441506527764599,-0.1881831440866002,-0.5642619624731064,-0.5658020972047737,-0.5935192026789141,773983
-1.2280811460838679,0.24908249751470846,-0.5642619624731064,-0.5658020972047737,-0.5935192026789141,678420
-1.2280811460838679,0.704043660288381,-0.5642619624731064,-0.5658020972047737,-0.5935192026789141,565329
0.008034753346296003,-0.7176517644281208,-0.5642619624731064,-0.5658020972047737,1.684865452518453,109263
-1.2280811460838679,-0.8689950376128124,-0.5642619624731064,1.7674024273509943,-0.5935192026789141,724035
-1.2280811460838679,-0.5971980413600997,-0.5642619624731064,-0.5658020972047737,1.684865452518453,956587
0.008034753346296003,-0.39875984603773096,-0.5642619624731064,-0.5658020972047737,-0.5935192026789141,110664
1.2441506527764599,0.5554944167624838,1.7722264949724689,-0.5658020972047737,1.684865452518453,467896
1.2441506527764599,-0.8757472759548985,-0.5642619624731064,-0.5658020972047737,1.684865452518453,984581
0.008034753346296003,-0.9611980163530244,1.7722264949724689,-0.5658020972047737,-0.5935192026789141,956906
0.008034753346296003,-0.7876887745418981,-0.5642619624731064,-0.5658020972047737,-0.5935192026789141,389112
1.2441506527764599,-0.16753836938550887,-0.5642619624731064,-0.5658020972047737,-0.5935192026789141,970995
1.2441506527764599,2.752533071794405,1.7722264949724689,-0.5658020972047737,-0.5935192026789141,751486
1.2441506527764599,-0.051120466935746185,-0.5642619624731064,1.7674024273509943,1.684865452518453,817018
1.2441506527764599,0.9536436431406722,-0.5642619624731064,-0.5658020972047737,-0.5935192026789141,446608
1.2441506527764599,-0.34821895398754066,-0.5642619624731064,-0.5658020972047737,-0.5935192026789141,505473
0.008034753346296003,-0.8536278744894437,-0.5642619624731064,1.7674024273509943,-0.5935192026789141,117804
-1.2280811460838679,2.9946823088899115,-0.5642619624731064,-0.5658020972047737,-0.5935192026789141,874832
1.2441506527764599,-0.13556225217930745,-0.5642619624731064,1.7674024273509943,-0.5935192026789141,479767
1.2441506527764599,0.6234824717931452,-0.5642619624731064,1.7674024273509943,1.684865452518453,864520
-1.2280811460838679,3.3802584018035255,-0.5642619624731064,-0.5658020972047737,1.684865452518453,261087
-1.2280811460838679,-0.608218936125344,-0.5642619624731064,-0.5658020972047737,1.684865452518453,992969
-1.2280811460838679,0.7110287344353667,-0.5642619624731064,1.7674024273509943,-0.5935192026789141,491371
-1.2280811460838679,-0.28969955502279326,-0.5642619624731064,-0.5658020972047737,-0.5935192026789141,137893
-1.2280811460838679,-0.5285890908497063,-0.5642619624731064,-0.5658020972047737,-0.5935192026789141,842401
-1.2280811460838679,1.9729987969907943,-0.5642619624731064,-0.5658020972047737,-0.5935192026789141,58981
0.008034753346296003,-0.9111848854606063,-0.5642619624731064,-0.5658020972047737,-0.5935192026789141,464248
-1.2280811460838679,-0.3709592509327276,1.7722264949724689,-0.5658020972047737,1.684865452518453,366235
-1.2280811460838679,2.8661569445853736,-0.5642619624731064,-0.5658020972047737,1.684865452518453,157154
0.008034753346296003,0.23790637887953123,1.7722264949724689,-0.5658020972047737,-0.5935192026789141,336552
-1.2280811460838679,-0.370260743518029,1.7722264949724689,-0.5658020972047737,-0.5935192026789141,729601
1.2441506527764599,-0.13928762505769987,-0.5642619624731064,1.7674024273509943,-0.5935192026789141,884372
1.2441506527764599,0.21415712677977963,-0.5642619624731064,-0.5658020972047737,-0.5935192026789141,526154
-1.2280811460838679,-0.42365775477498685,-0.5642619624731064,-0.5658020972047737,-0.5935192026789141,756465
0.008034753346296003,-0.8709508583739684,-0.5642619624731064,-0.5658020972047737,-0.5935192026789141,242122
1.2441506527764599,-0.9453651816198566,1.7722264949724689,-0.5658020972047737,-0.5935192026789141,53657
0.008034753346296003,0.3375601033765281,-0.5642619624731064,-0.5658020972047737,1.684865452518453,857662
1.2441506527764599,0.6160317260363604,1.7722264949724689,-0.5658020972047737,-0.5935192026789141,986184
-1.2280811460838679,2.0968674451973417,-0.5642619624731064,-0.5658020972047737,-0.5935192026789141,263766
0.008034753346296003,0.01841982679424525,-0.5642619624731064,-0.5658020972047737,1.684865452518453,659019
0.008034753346296003,0.3673630864036673,-0.5642619624731064,-0.5658020972047737,-0.5935192026789141,223412
0.008034753346296003,-0.9309293617160861,1.7722264949724689,-0.5658020972047737,-0.5935192026789141,741310
1.2441506527764599,-0.5113592412871414,-0.5642619624731064,-0.5658020972047737,-0.5935192026789141,713227
1.2441506527764599,-0.28612940601433384,-0.5642619624731064,1.7674024273509943,1.684865452518453,783902
1.2441506527764599,-0.47433834830811683,-0.5642619624731064,-0.5658020972047737,-0.5935192026789141,54329
-1.2280811460838679,-0.2796100034771471,-0.5642619624731064,-0.5658020972047737,-0.5935192026789141,348009
1.2441506527764599,-0.9031753337720627,-0.5642619624731064,1.7674024273509943,-0.5935192026789141,772300
-1.2280811460838679,-1.021890549496834,-0.5642619624731064,-0.5658020972047737,-0.5935192026789141,569897
0.008034753346296003,-0.7614248957492317,-0.5642619624731064,1.7674024273509943,-0.5935192026789141,87869
0.008034753346296003,0.226730260244354,-0.5642619624731064,-0.5658020972047737,-0.5935192026789141,247977
-1.2280811460838679,0.34749443105224126,-0.5642619624731064,-0.5658020972047737,-0.5935192026789141,956617
1.2441506527764599,-0.4574965584203845,-0.5642619624731064,-0.5658020972047737,-0.5935192026789141,548185
-1.2280811460838679,0.5340735227117275,-0.5642619624731064,1.7674024273509943,-0.5935192026789141,133984
0.008034753346296003,-0.05267270563507642,-0.5642619624731064,-0.5658020972047737,1.684865452518453,961604
0.008034753346296003,3.143697224025608,1.7722264949724689,-0.5658020972047737,1.684865452518453,151069
-1.2280811460838679,-0.3723096986011449,-0.5642619624731064,-0.5658020972047737,-0.5935192026789141,298577
1.2441506527764599,0.34376905817384884,-0.5642619624731064,-0.5658020972047737,-0.5935192026789141,926143
1.2441506527764599,-0.5872637136843867,-0.5642619624731064,-0.5658020972047737,-0.5935192026789141,378396
-1.2280811460838679,0.17923175604485084,-0.5642619624731064,1.7674024273509943,1.684865452518453,391530
-1.2280811460838679,-0.9802905523547855,-0.5642619624731064,-0.5658020972047737,-0.5935192026789141,168728
1.2441506527764599,-0.22054732096763421,-0.5642619624731064,-0.5658020972047737,-0.5935192026789141,573846
0.008034753346296003,1.6488913565706549,-0.5642619624731064,-0.5658020972047737,1.684865452518453,969215
-1.2280811460838679,-0.4177592477175322,-0.5642619624731064,-0.5658020972047737,1.684865452518453,75801
1.2441506527764599,0.8581809631318668,-0.5642619624731064,-0.5658020972047737,1.684865452518453,792647
1.2441506527764599,-0.9015920502987459,-0.5642619624731064,-0.5658020972047737,-0.5935192026789141,809925
0.008034753346296003,-0.5062368535793518,1.7722264949724689,-0.5658020972047737,-0.5935192026789141,664997
0.008034753346296003,-0.32704641812867713,-0.5642619624731064,-0.5658020972047737,-0.5935192026789141,365414
0.008034753346296003,0.9196496156253415,-0.5642619624731064,1.7674024273509943,-0.5935192026789141,514838
0.008034753346296003,-0.5991849068952423,-0.5642619624731064,-0.5658020972047737,1.684865452518453,891967
0.008034753346296003,0.044652660812925175,-0.5642619624731064,-0.5658020972047737,1.684865452518453,305560
-1.2280811460838679,0.03238997508821677,-0.5642619624731064,-0.5658020972047737,1.684865452518453,818026
1.2441506527764599,0.35184069941036555,1.7722264949724689,-0.5658020972047737,1.684865452518453,782119
-1.2280811460838679,-0.24499508048208438,-0.5642619624731064,-0.5658020972047737,-0.5935192026789141,66220
-1.2280811460838679,-0.351633879126067,-0.5642619624731064,1.7674024273509943,1.684865452518453,325536
-1.2280811460838679,-0.32672044800181776,-0.5642619624731064,-0.5658020972047737,-0.5935192026789141,528803
-1.2280811460838679,0.7510764928780851,-0.5642619624731064,1.7674024273509943,-0.5935192026789141,445462
-1.2280811460838679,-0.5176458080194286,-0.5642619624731064,-0.5658020972047737,-0.5935192026789141,332154
0.008034753346296003,-0.8902607077936356,1.7722264949724689,-0.5658020972047737,1.684865452518453,176951
0.008034753346296003,-1.0836696497301748,-0.5642619624731064,-0.5658020972047737,-0.5935192026789141,380502
1.2441506527764599,-0.723472659550609,1.7722264949724689,-0.5658020972047737,1.684865452518453,533419
-1.2280811460838679,0.8921749906471975,-0.5642619624731064,-0.5658020972047737,-0.5935192026789141,198306
1.2441506527764599,-0.11321001490895302,-0.5642619624731064,1.7674024273509943,1.684865452518453,932622
0.008034753346296003,-0.4553234242413223,1.7722264949724689,-0.5658020972047737,1.684865452518453,690083
0.008034753346296003,-0.2948219427305828,-0.5642619624731064,-0.5658020972047737,-0.5935192026789141,492667
0.008034753346296003,0.8730824546454364,-0.5642619624731064,-0.5658020972047737,-0.5935192026789141,959222
-1.2280811460838679,-0.542931776431517,-0.5642619624731064,1.7674024273509943,-0.5935192026789141,175223
-1.2280811460838679,-0.7642189254080259,1.7722264949724689,-0.5658020972047737,-0.5935192026789141,572886
0.008034753346296003,-0.8586571278752734,-0.5642619624731064,-0.5658020972047737,-0.5935192026789141,649493
1.2441506527764599,0.20624070941319578,1.7722264949724689,-0.5658020972047737,-0.5935192026789141,465000
1.2441506527764599,-0.34581298400357885,-0.5642619624731064,-0.5658020972047737,1.684865452518453,997176
0.008034753346296003,-1.0648099495333132,-0.5642619624731064,1.7674024273509943,1.684865452518453,51082
1.2441506527764599,1.5408555430972752,-0.5642619624731064,-0.5658020972047737,-0.5935192026789141,454364
0.008034753346296003,-0.5127562561165385,-0.5642619624731064,1.7674024273509943,-0.5935192026789141,208566
1.2441506527764599,0.27469443605365623,1.7722264949724689,-0.5658020972047737,1.684865452518453,911525
0.008034753346296003,0.2807481669810439,1.7722264949724689,-0.5658020972047737,-0.5935192026789141,364096
1.2441506527764599,2.2859301187757564,-0.5642619624731064,-0.5658020972047737,1.684865452518453,86719
-1.2280811460838679,-0.845059516869141,-0.5642619624731064,1.7674024273509943,-0.5935192026789141,98737
0.008034753346296003,-0.3181055232205353,-0.5642619624731064,-0.5658020972047737,-0.5935192026789141,502669
0.008034753346296003,-0.4041616367113999,-0.5642619624731064,1.7674024273509943,-0.5935192026789141,157271
1.2441506527764599,2.330634593316465,1.7722264949724689,-0.5658020972047737,-0.5935192026789141,744896
0.008034753346296003,-0.8829651859067839,-0.5642619624731064,-0.5658020972047737,-0.5935192026789141,231676
0.008034753346296003,-0.3590846248828518,-0.5642619624731064,-0.5658020972047737,-0.5935192026789141,494049
0.008034753346296003,-0.8178642948568766,-0.5642619624731064,1.7674024273509943,-0.5935192026789141,981543
-1.2280811460838679,-0.21286373940594988,-0.5642619624731064,-0.5658020972047737,1.684865452518453,642127
-1.2280811460838679,-0.8784636936787265,-0.5642619624731064,1.7674024273509943,1.684865452518453,884363
1.2441506527764599,-0.4980410332468886,-0.5642619624731064,-0.5658020972047737,-0.5935192026789141,352069
-1.2280811460838679,-0.7760935514579017,-0.5642619624731064,1.7674024273509943,-0.5935192026789141,232075
1.2441506527764599,-0.8325174281785533,1.7722264949724689,-0.5658020972047737,-0.5935192026789141,492113
-1.2280811460838679,-0.8228935482427063,-0.5642619624731064,-0.5658020972047737,-0.5935192026789141,137745
1.2441506527764599,-0.2512816472143716,-0.5642619624731064,1.7674024273509943,-0.5935192026789141,176298
-1.2280811460838679,-0.5589508798086044,1.7722264949724689,-0.5658020972047737,-0.5935192026789141,667997
-1.2280811460838679,1.5790406151007974,-0.5642619624731064,1.7674024273509943,1.684865452518453,354431
1.2441506527764599,-0.8370965323415773,-0.5642619624731064,-0.5658020972047737,1.684865452518453,796086
0.008034753346296003,-0.7069413174027427,-0.5642619624731064,1.7674024273509943,-0.5935192026789141,476228
0.008034753346296003,-0.9157950343976169,-0.5642619624731064,-0.5658020972047737,-0.5935192026789141,681540
-1.2280811460838679,-0.727586092103834,-0.5642619624731064,-0.5658020972047737,-0.5935192026789141,747143
1.2441506527764599,0.27748846571245056,-0.5642619624731064,-0.5658020972047737,-0.5935192026789141,421467
0.008034753346296003,0.30682577712979076,1.7722264949724689,-0.5658020972047737,-0.5935192026789141,511531
1.2441506527764599,-1.0082308489427285,1.7722264949724689,-0.5658020972047737,1.684865452518453,789126
0.008034753346296003,-0.9469484650931734,-0.5642619624731064,1.7674024273509943,-0.5935192026789141,489707
1.2441506527764599,-0.3250905973675211,-0.5642619624731064,-0.5658020972047737,-0.5935192026789141,270013
-1.2280811460838679,-0.05220703402527738,-0.5642619624731064,-0.5658020972047737,-0.5935192026789141,501800
1.2441506527764599,2.7553271014531995,-0.5642619624731064,-0.5658020972047737,-0.5935192026789141,849235
0.008034753346296003,-0.36262372911732454,-0.5642619624731064,-0.5658020972047737,-0.5935192026789141,230697
-1.2280811460838679,-0.7964434008061203,-0.5642619624731064,-0.5658020972047737,-0.5935192026789141,693107
1.2441506527764599,-0.13369956574011124,-0.5642619624731064,-0.5658020972047737,1.684865452518453,929793
0.008034753346296003,0.6099779951089728,-0.5642619624731064,-0.5658020972047737,-0.5935192026789141,63698
-1.2280811460838679,1.4700734584078194,-0.5642619624731064,-0.5658020972047737,1.684865452518453,65376
1.2441506527764599,0.7268615691685345,-0.5642619624731064,1.7674024273509943,-0.5935192026789141,526870
0.008034753346296003,-0.3725891015670243,-0.5642619624731064,-0.5658020972047737,-0.5935192026789141,325261
1.2441506527764599,0.33010935761974325,-0.5642619624731064,-0.5658020972047737,-0.5935192026789141,286591
1.2441506527764599,1.704771949746541,-0.5642619624731064,-0.5658020972047737,-0.5935192026789141,481172
-1.2280811460838679,-0.8685293660030133,-0.5642619624731064,-0.5658020972047737,-0.5935192026789141,98786
-1.2280811460838679,-0.32071328423540996,-0.5642619624731064,-0.5658020972047737,1.684865452518453,687293
0.008034753346296003,3.4249628763442344,-0.5642619624731064,-0.5658020972047737,-0.5935192026789141,268850
-1.2280811460838679,-1.0057472670238001,-0.5642619624731064,-0.5658020972047737,-0.5935192026789141,378624
0.008034753346296003,-0.7336708678052083,-0.5642619624731064,1.7674024273509943,1.684865452518453,737055
1.2441506527764599,-0.2606726913453191,-0.5642619624731064,1.7674024273509943,1.684865452518453,969015
1.2441506527764599,2.1192196824676963,-0.5642619624731064,-0.5658020972047737,-0.5935192026789141,889665
0.008034753346296003,-0.9584971210161898,-0.5642619624731064,-0.5658020972047737,-0.5935192026789141,423166
1.2441506527764599,-0.11041598525015872,1.7722264949724689,-0.5658020972047737,-0.5935192026789141,465718
-1.2280811460838679,2.74042560993963,1.7722264949724689,-0.5658020972047737,-0.5935192026789141,493226
1.2441506527764599,-0.4699144680150259,-0.5642619624731064,-0.5658020972047737,-0.5935192026789141,142529
-1.2280811460838679,-0.259741348125721,-0.5642619624731064,-0.5658020972047737,-0.5935192026789141,517121
0.008034753346296003,2.6444972583210253,-0.5642619624731064,-0.5658020972047737,-0.5935192026789141,815784
0.008034753346296003,3.2452136349618006,-0.5642619624731064,-0.5658020972047737,-0.5935192026789141,489705
1.2441506527764599,-0.5643526704822733,1.7722264949724689,-0.5658020972047737,-0.5935192026789141,675207
1.2441506527764599,-0.7670129550668202,1.7722264949724689,-0.5658020972047737,1.684865452518453,919965
-1.2280811460838679,-0.7949532516547633,-0.5642619624731064,-0.5658020972047737,-0.5935192026789141,524381
-1.2280811460838679,-1.0515383086540402,-0.5642619624731064,1.7674024273509943,1.684865452518453,999453
1.2441506527764599,-0.5200207332294037,-0.5642619624731064,1.7674024273509943,-0.5935192026789141,522803
1.2441506527764599,1.5436495727560695,-0.5642619624731064,-0.5658020972047737,1.684865452518453,536275
0.008034753346296003,-0.31661537406917833,-0.5642619624731064,-0.5658020972047737,-0.5935192026789141,772670
0.008034753346296003,-0.79169355038617,-0.5642619624731064,-0.5658020972047737,-0.5935192026789141,259870
0.008034753346296003,-0.5734798340343348,-0.5642619624731064,-0.5658020972047737,-0.5935192026789141,643695
1.2441506527764599,-0.41100700937544593,1.7722264949724689,-0.5658020972047737,-0.5935192026789141,648097
1.2441506527764599,0.28866458434762776,1.7722264949724689,-0.5658020972047737,-0.5935192026789141,329373
1.2441506527764599,0.42976308211674014,-0.5642619624731064,1.7674024273509943,-0.5935192026789141,994889
0.008034753346296003,2.890371868294924,-0.5642619624731064,-0.5658020972047737,-0.5935192026789141,616464
1.2441506527764599,-0.2827144808758075,1.7722264949724689,-0.5658020972047737,-0.5935192026789141,669113
-1.2280811460838679,-0.2547741842878644,-0.5642619624731064,1.7674024273509943,1.684865452518453,970764
1.2441506527764599,0.27919592828171363,-0.5642619624731064,1.7674024273509943,1.684865452518453,147555
1.2441506527764599,-0.6426786352504736,-0.5642619624731064,1.7674024273509943,-0.5935192026789141,577433
1.2441506527764599,0.8577152915220677,1.7722264949724689,-0.5658020972047737,1.684865452518453,147289
1.2441506527764599,-0.2242726938460266,1.7722264949724689,-0.5658020972047737,1.684865452518453,713162
1.2441506527764599,-0.4481831262244035,-0.5642619624731064,-0.5658020972047737,-0.5935192026789141,838695
-1.2280811460838679,-0.5234667031419167,-0.5642619624731064,-0.5658020972047737,1.684865452518453,470129
-1.2280811460838679,0.6206884421343509,-0.5642619624731064,1.7674024273509943,1.684865452518453,107788
1.2441506527764599,0.2285929466835502,-0.5642619624731064,1.7674024273509943,1.684865452518453,713515
0.008034753346296003,1.1012615434469712,1.7722264949724689,-0.5658020972047737,1.684865452518453,706282
1.2441506527764599,-1.018708460163207,1.7722264949724689,-0.5658020972047737,-0.5935192026789141,777591
1.2441506527764599,-0.20075627755117456,-0.5642619624731064,-0.5658020972047737,1.684865452518453,201744
1.2441506527764599,-0.2541532888081324,-0.5642619624731064,-0.5658020972047737,-0.5935192026789141,219598
0.008034753346296003,-0.9197532430809089,-0.5642619624731064,-0.5658020972047737,-0.5935192026789141,881776
0.008034753346296003,-0.37553835509575156,-0.5642619624731064,-0.5658020972047737,-0.5935192026789141,959251
0.008034753346296003,-0.5390201349092051,1.7722264949724689,-0.5658020972047737,-0.5935192026789141,462230
-1.2280811460838679,2.1536793815928257,-0.5642619624731064,1.7674024273509943,-0.5935192026789141,647640
0.008034753346296003,1.080771992615813,-0.5642619624731064,-0.5658020972047737,-0.5935192026789141,534495
-1.2280811460838679,2.7460136692572186,-0.5642619624731064,-0.5658020972047737,-0.5935192026789141,352468
-1.2280811460838679,-0.23273239475737606,-0.5642619624731064,-0.5658020972047737,-0.5935192026789141,557745
0.008034753346296003,-0.5068577490590839,1.7722264949724689,-0.5658020972047737,-0.5935192026789141,930507
0.008034753346296003,-0.8405890694150703,-0.5642619624731064,-0.5658020972047737,-0.5935192026789141,276710
0.008034753346296003,1.1184913930095362,-0.5642619624731064,-0.5658020972047737,-0.5935192026789141,744058
-1.2280811460838679,0.7166167937529554,-0.5642619624731064,1.7674024273509943,-0.5935192026789141,913601
1.2441506527764599,-0.3557317892922986,1.7722264949724689,-0.5658020972047737,-0.5935192026789141,859816
0.008034753346296003,-0.7814487749705908,-0.5642619624731064,-0.5658020972047737,1.684865452518453,577800
0.008034753346296003,0.1522228026765059,-0.5642619624731064,-0.5658020972047737,-0.5935192026789141,973570
0.008034753346296003,-0.939621898432335,-0.5642619624731064,-0.5658020972047737,-0.5935192026789141,736860
-1.2280811460838679,-1.0626212929672578,-0.5642619624731064,-0.5658020972047737,-0.5935192026789141,173775
-1.2280811460838679,3.0421808130894146,1.7722264949724689,-0.5658020972047737,-0.5935192026789141,128743
1.2441506527764599,-0.12811150642252264,-0.5642619624731064,-0.5658020972047737,-0.5935192026789141,397786
0.008034753346296003,-0.9016851846207057,-0.5642619624731064,-0.5658020972047737,1.684865452518453,441731
-1.2280811460838679,-0.5628625213309164,1.7722264949724689,-0.5658020972047737,-0.5935192026789141,654146
1.2441506527764599,1.6172256871043196,-0.5642619624731064,-0.5658020972047737,1.684865452518453,629088
0.008034753346296003,-0.8065019075777797,-0.5642619624731064,1.7674024273509943,-0.5935192026789141,506356
-1.2280811460838679,-0.5714308789512189,1.7722264949724689,-0.5658020972047737,-0.5935192026789141,674652
0.008034753346296003,-0.614086398408812,-0.5642619624731064,1.7674024273509943,-0.5935192026789141,555533
0.008034753346296003,0.7841391771738178,-0.5642619624731064,-0.5658020972047737,-0.5935192026789141,314531
-1.2280811460838679,0.7734287301484396,-0.5642619624731064,-0.5658020972047737,-0.5935192026789141,237232
-1.2280811460838679,-0.6416541577089158,-0.5642619624731064,1.7674024273509943,-0.5935192026789141,778927
-1.2280811460838679,-1.0268577133346906,-0.5642619624731064,-0.5658020972047737,-0.5935192026789141,182871
0.008034753346296003,0.3613093554762797,-0.5642619624731064,-0.5658020972047737,-0.5935192026789141,169095
0.008034753346296003,1.6069809116887404,-0.5642619624731064,-0.5658020972047737,-0.5935192026789141,609836
1.2441506527764599,-0.49257715302524635,-0.5642619624731064,-0.5658020972047737,-0.5935192026789141,140450
0.008034753346296003,-0.16396822037704956,-0.5642619624731064,-0.5658020972047737,-0.5935192026789141,679957
-1.2280811460838679,2.3250465339988766,-0.5642619624731064,-0.5658020972047737,1.684865452518453,916603
0.008034753346296003,-0.2694894071575144,-0.5642619624731064,1.7674024273509943,-0.5935192026789141,483595
1.2441506527764599,-0.47457118411301635,-0.5642619624731064,-0.5658020972047737,-0.5935192026789141,357558
1.2441506527764599,0.6253451582323414,-0.5642619624731064,-0.5658020972047737,-0.5935192026789141,647359
-1.2280811460838679,-0.34045776049088977,-0.5642619624731064,1.7674024273509943,-0.5935192026789141,687096
-1.2280811460838679,-0.34821895398754066,1.7722264949724689,-0.5658020972047737,-0.5935192026789141,550884
1.2441506527764599,3.4147181009286554,-0.5642619624731064,1.7674024273509943,1.684865452518453,128591
1.2441506527764599,-0.9526607035067085,-0.5642619624731064,1.7674024273509943,1.684865452518453,798501
1.2441506527764599,-0.32518373168948095,-0.5642619624731064,-0.5658020972047737,-0.5935192026789141,316441
-1.2280811460838679,-0.8542487699691758,-0.5642619624731064,1.7674024273509943,1.684865452518453,683801
1.2441506527764599,-0.31959567237189235,-0.5642619624731064,-0.5658020972047737,1.684865452518453,965100
1.2441506527764599,-0.5826069975863961,-0.5642619624731064,-0.5658020972047737,-0.5935192026789141,922911
-1.2280811460838679,-0.8440039945535966,-0.5642619624731064,-0.5658020972047737,-0.5935192026789141,148752
0.008034753346296003,-0.1001712098345796,1.7722264949724689,-0.5658020972047737,1.684865452518453,186080
0.008034753346296003,-0.3150786577568415,-0.5642619624731064,-0.5658020972047737,-0.5935192026789141,267885
1.2441506527764599,2.3436733983908384,1.7722264949724689,-0.5658020972047737,-0.5935192026789141,427625
0.008034753346296003,-0.1185652384216421,-0.5642619624731064,-0.5658020972047737,-0.5935192026789141,197892
0.008034753346296003,-0.5937831162215733,-0.5642619624731064,1.7674024273509943,1.684865452518453,514764
0.008034753346296003,2.2049032586707216,-0.5642619624731064,-0.5658020972047737,-0.5935192026789141,203325
0.008034753346296003,-0.3602022367463696,-0.5642619624731064,-0.5658020972047737,-0.5935192026789141,472418
1.2441506527764599,-0.6505950526170575,1.7722264949724689,-0.5658020972047737,1.684865452518453,996740
0.008034753346296003,3.467804664445747,1.7722264949724689,-0.5658020972047737,1.684865452518453,641444
0.008034753346296003,0.2835421966398382,-0.5642619624731064,-0.5658020972047737,1.684865452518453,817248
-1.2280811460838679,-0.3735204447866224,-0.5642619624731064,-0.5658020972047737,-0.5935192026789141,110263
1.2441506527764599,0.32576308926161873,-0.5642619624731064,1.7674024273509943,-0.5935192026789141,955428
-1.2280811460838679,1.1310645264741106,-0.5642619624731064,-0.5658020972047737,1.684865452518453,673540
-1.2280811460838679,-0.9426642862830222,-0.5642619624731064,-0.5658020972047737,-0.5935192026789141,168632
1.2441506527764599,0.29409741979528325,-0.5642619624731064,-0.5658020972047737,-0.5935192026789141,911287
0.008034753346296003,-0.9989174167467475,-0.5642619624731064,-0.5658020972047737,-0.5935192026789141,66575
-1.2280811460838679,-0.42288163542532176,-0.5642619624731064,1.7674024273509943,1.684865452518453,324348
1.2441506527764599,-0.4969234213833708,1.7722264949724689,-0.5658020972047737,-0.5935192026789141,61952
0.008034753346296003,-0.54144162728016,-0.5642619624731064,-0.5658020972047737,1.684865452518453,569826
1.2441506527764599,-0.24266672243308912,-0.5642619624731064,1.7674024273509943,-0.5935192026789141,133323
-1.2280811460838679,-0.4196219341567284,1.7722264949724689,-0.5658020972047737,1.684865452518453,756502
0.008034753346296003,-0.8949795134395994,-0.5642619624731064,-0.5658020972047737,1.684865452518453,214944
0.008034753346296003,1.6377152379354778,-0.5642619624731064,-0.5658020972047737,1.684865452518453,734736
1.2441506527764599,0.42976308211674014,1.7722264949724689,-0.5658020972047737,-0.5935192026789141,771444
0.008034753346296003,-0.729138330803164,1.7722264949724689,-0.5658020972047737,1.684865452518453,192712
-1.2280811460838679,-0.700887586475355,-0.5642619624731064,1.7674024273509943,-0.5935192026789141,338581
-1.2280811460838679,-0.0836398676867133,-0.5642619624731064,-0.5658020972047737,1.684865452518453,177129
-1.2280811460838679,2.7087599404732945,-0.5642619624731064,-0.5658020972047737,-0.5935192026789141,924113
1.2441506527764599,-0.0920219566630962,-0.5642619624731064,-0.5658020972047737,-0.5935192026789141,828810
0.008034753346296003,-0.19982493433157644,-0.5642619624731064,-0.5658020972047737,-0.5935192026789141,582191
0.008034753346296003,-0.9407084655218662,-0.5642619624731064,-0.5658020972047737,1.684865452518453,264776
0.008034753346296003,0.06933325613227487,-0.5642619624731064,1.7674024273509943,-0.5935192026789141,601151
-1.2280811460838679,2.6379778557838387,-0.5642619624731064,-0.5658020972047737,1.684865452518453,355525
0.008034753346296003,-0.5246774493273942,-0.5642619624731064,1.7674024273509943,-0.5935192026789141,864980
-1.2280811460838679,0.2108974255111863,-0.5642619624731064,1.7674024273509943,-0.5935192026789141,493172
0.008034753346296003,1.1380496006210963,-0.5642619624731064,1.7674024273509943,-0.5935192026789141,585755
-1.2280811460838679,-0.5837246094499139,-0.5642619624731064,-0.5658020972047737,1.684865452518453,370098
0.008034753346296003,-0.7392589271227968,-0.5642619624731064,1.7674024273509943,1.684865452518453,336045
1.2441506527764599,-0.10343091110317296,-0.5642619624731064,1.7674024273509943,-0.5935192026789141,859733
1.2441506527764599,-0.28010671986093283,-0.5642619624731064,-0.5658020972047737,1.684865452518453,961118
-1.2280811460838679,-0.03435628898298036,-0.5642619624731064,1.7674024273509943,-0.5935192026789141,807902
-1.2280811460838679,0.31148249322778127,-0.5642619624731064,-0.5658020972047737,-0.5935192026789141,921612
0.008034753346296003,-0.726406390692343,1.7722264949724689,-0.5658020972047737,-0.5935192026789141,644191
0.008034753346296003,0.16712429419007552,-0.5642619624731064,1.7674024273509943,-0.5935192026789141,416099
1.2441506527764599,-0.8142010115264574,1.7722264949724689,-0.5658020972047737,1.684865452518453,983708
0.008034753346296003,-0.42272641155538876,-0.5642619624731064,1.7674024273509943,-0.5935192026789141,594043
-1.2280811460838679,-0.8865353349152432,-0.5642619624731064,1.7674024273509943,-0.5935192026789141,371961
-1.2280811460838679,-0.5709652073414199,-0.5642619624731064,-0.5658020972047737,-0.5935192026789141,838525
-1.2280811460838679,0.20624070941319578,-0.5642619624731064,-0.5658020972047737,1.684865452518453,306094
-1.2280811460838679,-0.07875031578382327,1.7722264949724689,-0.5658020972047737,-0.5935192026789141,512753
-1.2280811460838679,-0.7923920578008685,-0.5642619624731064,-0.5658020972047737,1.684865452518453,932751
1.2441506527764599,0.30216906103180025,-0.5642619624731064,-0.5658020972047737,-0.5935192026789141,335084
1.2441506527764599,0.7096317196059696,-0.5642619624731064,-0.5658020972047737,-0.5935192026789141,749400
-1.2280811460838679,-0.7542845977323128,1.7722264949724689,-0.5658020972047737,-0.5935192026789141,703002
0.008034753346296003,-0.9042308560876071,-0.5642619624731064,-0.5658020972047737,-0.5935192026789141,141544
-1.2280811460838679,-0.8393472784556062,-0.5642619624731064,-0.5658020972047737,-0.5935192026789141,658725
1.2441506527764599,-0.18771747247680112,-0.5642619624731064,1.7674024273509943,-0.5935192026789141,405113
-1.2280811460838679,1.282873471268601,-0.5642619624731064,1.7674024273509943,-0.5935192026789141,157001
1.2441506527764599,0.5694645650564554,-0.5642619624731064,1.7674024273509943,-0.5935192026789141,137725
1.2441506527764599,-0.7402368375033748,-0.5642619624731064,-0.5658020972047737,1.684865452518453,427928
-1.2280811460838679,-0.8762129475646976,-0.5642619624731064,1.7674024273509943,-0.5935192026789141,160675
-1.2280811460838679,0.5825033701308288,-0.5642619624731064,1.7674024273509943,-0.5935192026789141,144266
0.008034753346296003,-0.9376350328971924,-0.5642619624731064,-0.5658020972047737,-0.5935192026789141,321380
1.2441506527764599,-0.32741895541651633,-0.5642619624731064,-0.5658020972047737,-0.5935192026789141,909029
0.008034753346296003,-0.0845712109063114,-0.5642619624731064,1.7674024273509943,-0.5935192026789141,265196
-1.2280811460838679,2.3576435466848102,-0.5642619624731064,1.7674024273509943,1.684865452518453,184974
1.2441506527764599,-0.24825478175067772,-0.5642619624731064,-0.5658020972047737,1.684865452518453,673944
0.008034753346296003,-0.5933174446117743,1.7722264949724689,-0.5658020972047737,-0.5935192026789141,346508
0.008034753346296003,-0.7094559440956576,-0.5642619624731064,-0.5658020972047737,-0.5935192026789141,681359
0.008034753346296003,-0.6917604229232936,-0.5642619624731064,-0.5658020972047737,-0.5935192026789141,406554
-1.2280811460838679,0.4600317367536784,-0.5642619624731064,-0.5658020972047737,-0.5935192026789141,201168
-1.2280811460838679,-0.7062428099880441,-0.5642619624731064,-0.5658020972047737,1.684865452518453,193092
-1.2280811460838679,0.9252376749429301,-0.5642619624731064,-0.5658020972047737,-0.5935192026789141,632761
1.2441506527764599,-0.20696523234849531,-0.5642619624731064,-0.5658020972047737,-0.5935192026789141,291472
-1.2280811460838679,-0.3980147714620524,-0.5642619624731064,-0.5658020972047737,-0.5935192026789141,356297
1.2441506527764599,0.36301681804554276,-0.5642619624731064,-0.5658020972047737,-0.5935192026789141,222349
0.008034753346296003,-0.5330129711427972,1.7722264949724689,-0.5658020972047737,-0.5935192026789141,350646
0.008034753346296003,-0.5857735645330296,-0.5642619624731064,1.7674024273509943,-0.5935192026789141,65675
-1.2280811460838679,-0.7486965384147242,-0.5642619624731064,1.7674024273509943,-0.5935192026789141,991869
0.008034753346296003,-0.3488398494672727,1.7722264949724689,-0.5658020972047737,-0.5935192026789141,168384
-1.2280811460838679,1.153416763744465,-0.5642619624731064,-0.5658020972047737,-0.5935192026789141,128229
1.2441506527764599,-1.0107920427966233,-0.5642619624731064,-0.5658020972047737,-0.5935192026789141,663337
0.008034753346296003,-0.6459383365190671,-0.5642619624731064,1.7674024273509943,-0.5935192026789141,757508
-1.2280811460838679,1.0369988612947023,-0.5642619624731064,-0.5658020972047737,-0.5935192026789141,401301
0.008034753346296003,-0.09272046407779479,-0.5642619624731064,1.7674024273509943,-0.5935192026789141,270319
0.008034753346296003,-0.9774965226959912,-0.5642619624731064,1.7674024273509943,1.684865452518453,679999
-1.2280811460838679,-1.0037604014886576,1.7722264949724689,-0.5658020972047737,-0.5935192026789141,684378
0.008034753346296003,0.46608546768106607,-0.5642619624731064,-0.5658020972047737,1.684865452518453,929753
0.008034753346296003,-0.49832043621276795,1.7722264949724689,-0.5658020972047737,-0.5935192026789141,776262
0.008034753346296003,0.14616907174911822,-0.5642619624731064,1.7674024273509943,-0.5935192026789141,862897
0.008034753346296003,-0.29333179357922584,-0.5642619624731064,1.7674024273509943,1.684865452518453,868718
1.2441506527764599,-0.6139001297648924,-0.5642619624731064,1.7674024273509943,-0.5935192026789141,104795
0.008034753346296003,-0.6966965419871636,-0.5642619624731064,-0.5658020972047737,-0.5935192026789141,420283
0.008034753346296003,-0.17398015998772914,-0.5642619624731064,-0.5658020972047737,-0.5935192026789141,784543
-1.2280811460838679,-0.6743443047168092,-0.5642619624731064,-0.5658020972047737,-0.5935192026789141,153845
1.2441506527764599,-0.3816231307971259,1.7722264949724689,-0.5658020972047737,-0.5935192026789141,362130
-1.2280811460838679,-0.8184231007886354,-0.5642619624731064,1.7674024273509943,-0.5935192026789141,387540
-1.2280811460838679,0.05629445105790144,-0.5642619624731064,-0.5658020972047737,-0.5935192026789141,891610
-1.2280811460838679,-0.22062493290260066,1.7722264949724689,-0.5658020972047737,-0.5935192026789141,847177
1.2441506527764599,1.5585510642696392,1.7722264949724689,-0.5658020972047737,-0.5935192026789141,828520
-1.2280811460838679,-0.5924792357141361,1.7722264949724689,-0.5658020972047737,1.684865452518453,303730
-1.2280811460838679,0.27578100314318743,-0.5642619624731064,-0.5658020972047737,-0.5935192026789141,253426
-1.2280811460838679,-0.9430368235708614,-0.5642619624731064,1.7674024273509943,1.684865452518453,916069
0.008034753346296003,-0.3239264183430235,-0.5642619624731064,-0.5658020972047737,-0.5935192026789141,972532
-1.2280811460838679,-0.7679442982864183,-0.5642619624731064,1.7674024273509943,1.684865452518453,279333
1.2441506527764599,-0.9681830905000102,-0.5642619624731064,1.7674024273509943,-0.5935192026789141,622854
1.2441506527764599,-0.8508338448306494,1.7722264949724689,-0.5658020972047737,-0.5935192026789141,880154
0.008034753346296003,2.6640554659325857,1.7722264949724689,-0.5658020972047737,-0.5935192026789141,923055
1.2441506527764599,-0.4289353663527094,1.7722264949724689,-0.5658020972047737,-0.5935192026789141,423218
1.2441506527764599,-0.8382607113660749,-0.5642619624731064,-0.5658020972047737,-0.5935192026789141,649262
0.008034753346296003,0.8642346940592545,-0.5642619624731064,-0.5658020972047737,-0.5935192026789141,526908
-1.2280811460838679,-0.11344285071385254,-0.5642619624731064,-0.5658020972047737,-0.5935192026789141,396228
0.008034753346296003,-0.3205891051394636,-0.5642619624731064,1.7674024273509943,-0.5935192026789141,220951
-1.2280811460838679,-0.5835383408059942,1.7722264949724689,-0.5658020972047737,-0.5935192026789141,467983
-1.2280811460838679,-0.617998039931124,-0.5642619624731064,-0.5658020972047737,-0.5935192026789141,298595
1.2441506527764599,1.9357450682068702,-0.5642619624731064,1.7674024273509943,-0.5935192026789141,953785
0.008034753346296003,0.0041392307604077635,-0.5642619624731064,-0.5658020972047737,-0.5935192026789141,678705
1.2441506527764599,0.22176309640649755,-0.5642619624731064,-0.5658020972047737,1.684865452518453,904531
1.2441506527764599,-0.3305234328151767,-0.5642619624731064,-0.5658020972047737,-0.5935192026789141,229729
-1.2280811460838679,-1.075660098041631,1.7722264949724689,-0.5658020972047737,-0.5935192026789141,189570
1.2441506527764599,2.9388017157140256,-0.5642619624731064,-0.5658020972047737,-0.5935192026789141,254739
0.008034753346296003,-0.9309293617160861,-0.5642619624731064,-0.5658020972047737,-0.5935192026789141,337251
1.2441506527764599,-0.5667741628532285,1.7722264949724689,-0.5658020972047737,-0.5935192026789141,734153
1.2441506527764599,-0.8981460803862329,-0.5642619624731064,-0.5658020972047737,-0.5935192026789141,970200
-1.2280811460838679,0.5727242663250487,1.7722264949724689,-0.5658020972047737,1.684865452518453,890271
0.008034753346296003,-0.42409238161079926,-0.5642619624731064,-0.5658020972047737,-0.5935192026789141,663529
1.2441506527764599,0.27019294382559883,-0.5642619624731064,1.7674024273509943,-0.5935192026789141,597685
-1.2280811460838679,-0.26222493004464925,-0.5642619624731064,1.7674024273509943,-0.5935192026789141,581992
1.2441506527764599,0.6821570946278256,-0.5642619624731064,-0.5658020972047737,-0.5935192026789141,852874
0.008034753346296003,-1.0143777141920758,-0.5642619624731064,1.7674024273509943,-0.5935192026789141,769148
1.2441506527764599,-0.43568760469479567,-0.5642619624731064,1.7674024273509943,-0.5935192026789141,179576
1.2441506527764599,-0.3479085062476746,-0.5642619624731064,1.7674024273509943,-0.5935192026789141,59765
-1.2280811460838679,-0.17374732418282962,-0.5642619624731064,-0.5658020972047737,1.684865452518453,427972
1.2441506527764599,-1.0628075616111772,-0.5642619624731064,-0.5658020972047737,-0.5935192026789141,60002
-1.2280811460838679,-0.05942494397716266,1.7722264949724689,-0.5658020972047737,1.684865452518453,834141
0.008034753346296003,-0.15954434008395857,-0.5642619624731064,-0.5658020972047737,-0.5935192026789141,847822
1.2441506527764599,1.098467513788177,-0.5642619624731064,1.7674024273509943,-0.5935192026789141,225508
0.008034753346296003,-0.9819204029890821,-0.5642619624731064,-0.5658020972047737,-0.5935192026789141,308446
0.008034753346296003,0.841416785179101,-0.5642619624731064,-0.5658020972047737,-0.5935192026789141,527698
1.2441506527764599,-0.2530977664925879,1.7722264949724689,-0.5658020972047737,-0.5935192026789141,295620
-1.2280811460838679,-0.6159490848480081,1.7722264949724689,-0.5658020972047737,-0.5935192026789141,580929
0.008034753346296003,-0.9855060743845347,-0.5642619624731064,-0.5658020972047737,-0.5935192026789141,476925
0.008034753346296003,0.07771534510865778,-0.5642619624731064,1.7674024273509943,-0.5935192026789141,161119
1.2441506527764599,-0.6265663975514266,1.7722264949724689,-0.5658020972047737,1.684865452518453,482525
